CODIGO;ATIVO;TIPO;ID_LOCALIZACAO;QUARTOS;SUITE;AREA_TERRENO;AREA_CONSTRUIDA;VALOR;VALOR_M2;PISCINA_IMOVEL;CHURRASQUEIRA;CONDOMINIO;ALTO_PADRAO;STATUS
SB164;VENDIDO;CASA;1;2;1;240,0;90,0;415000;4611,111111111111;0;1;0;0;NOVO
TER031;DISPONÍVEL;TERRENO UNIFAMILIAR;2;0;0;586,0;586,0;120000;204,77815699658703;0;0;1;0;NOVO
TER037;VENDIDO;TERRENO UNIFAMILIAR;2;0;0;360,0;360,0;50000;138,88888888888889;0;0;1;0;NOVO
TER042;DISPONÍVEL;TERRENO UNIFAMILIAR;2;0;0;360,0;360,0;130000;361,1111111111111;0;0;1;1;NOVO
TER006;VENDIDO;TERRENO UNIFAMILIAR;3;0;0;600,0;360,0;80000;222,22222222222223;0;0;0;0;NOVO
TER038;DISPONÍVEL;TERRENO UNIFAMILIAR;2;0;0;360,0;700,0;130000;185,71428571428572;0;0;1;1;NOVO
JA1299;VENDIDO;CASA;4;1;0;100,0;450,0;130000;288,8888888888889;0;0;1;0;NOVO
IN040;VENDIDO;CASA;5;2;1;200,0;480,0;140000;291,6666666666667;0;0;0;0;USADO
IN046;VENDIDO;CASA;6;2;0;150,0;70,0;150000;2142,8571428571427;0;0;1;0;USADO
IN033;VENDIDO;CASA;7;3;2;400,0;102,0;498000;4882,35294117647;0;1;0;0;NOVO
SJ095;VENDIDO;CASA;8;2;0;360,0;50,0;170000;3400,0;0;0;0;0;NOVO
SB157;VENDIDO;CASA;1;3;1;240,0;100,0;535000;5350,0;0;1;0;0;NOVO
SOL001;VENDIDO;CASA;9;3;1;400,0;220,0;899000;4086,3636363636365;1;1;1;1;NOVO
JA939;VENDIDO;APTO;4;1;0;50,0;50,0;180000;3600,0;0;0;1;0;NOVO
IN031;DISPONÍVEL;APTO;10;2;0;66,0;66,0;180000;2727,2727272727275;0;0;1;0;USADO
TER002;VENDIDO;TERRENO UNIFAMILIAR;4;0;0;548,0;0,0;140000;0,0;0;0;0;0;NOVO
IN021;VENDIDO;APTO;11;2;1;1000,0;74,0;200000;2702,7027027027025;0;0;0;0;USADO
TER028;DISPONÍVEL;TERRENO UNIFAMILIAR;12;0;0;360,0;360,0;200000;555,5555555555555;0;0;1;1;NOVO
TER013;VENDIDO;TERRENO UNIFAMILIAR;13;0;0;1000,0;0,0;150000;0,0;0;0;0;0;NOVO
TER033;VENDIDO;TERRENO UNIFAMILIAR;14;0;0;674,4;0,0;200000;0,0;0;0;0;0;NOVO
CAX012;VENDIDO;CASA;15;2;1;216,0;80,0;420000;5250,0;0;1;1;0;NOVO
TER024;VENDIDO;TERRENO UNIFAMILIAR;2;0;0;360,0;0,0;160000;0,0;1;1;1;1;NOVO
TER011;VENDIDO;TERRENO UNIFAMILIAR;13;0;0;1000,0;0,0;160000;0,0;0;0;0;0;NOVO
TER055;DISPONÍVEL;TERRENO UNIFAMILIAR;16;0;0;700,0;0,0;220000;0,0;0;0;1;0;NOVO
JA1561;VENDIDO;APTO;4;2;0;100,0;60,0;250000;4166,666666666667;0;0;1;0;USADO
JA1540;VENDIDO;APTO;4;2;0;100,0;65,0;270000;4153,846153846154;0;0;1;0;NOVO
JA172;VENDIDO;APTO;4;2;0;440,0;63,0;190000;3015,873015873016;0;0;1;0;NOVO
IV019;VENDIDO;DUPLEX;13;2;0;100,0;65,0;205000;3153,846153846154;0;1;1;0;NOVO
JA212;VENDIDO;APTO;17;2;1;100,0;65,0;192000;2953,846153846154;1;1;1;0;NOVO
TER001;VENDIDO;TERRENO UNIFAMILIAR;14;0;0;440,0;0,0;170000;0,0;0;0;0;0;NOVO
SB196;VENDIDO;CASA;1;2;0;200,0;80,0;190000;2375,0;0;0;1;0;USADO
TER004;VENDIDO;TERRENO UNIFAMILIAR;18;0;0;450,0;0,0;175000;0,0;1;1;1;0;NOVO
SJ079;VENDIDO;DUPLEX;19;2;1;200,0;90,0;290000;3222,222222222222;0;1;1;0;NOVO
JA432;VENDIDO;APTO;4;2;0;480,0;62,0;195000;3145,1612903225805;0;1;1;0;NOVO
IN062;VENDIDO;CASA;20;1;0;600,0;50,0;180000;3600,0;0;0;0;0;USADO
IN063;VENDIDO;CASA;20;1;0;600,0;50,0;180000;3600,0;0;0;0;0;USADO
TER027;VENDIDO;TERRENO MULTIFAMILIAR;4;0;0;480,0;0,0;180000;0,0;0;0;0;0;NOVO
SJ092;VENDIDO;DUPLEX;21;2;1;120,0;76,0;209900;2761,842105263158;0;1;1;0;NOVO
SJ078;VENDIDO;DUPLEX;21;2;0;100,0;60,0;209900;3498,3333333333335;0;0;1;0;NOVO
SJ090;VENDIDO;DUPLEX;22;2;0;500,0;60,0;210000;3500,0;0;1;1;0;NOVO
JA975;VENDIDO;CASA;4;2;0;120,0;62,0;210000;3387,0967741935483;0;1;1;0;NOVO
JA1363;VENDIDO;FLAT;17;1;0;600,0;60,0;210000;3500,0;0;1;1;0;NOVO
IN049;VENDIDO;CASA;23;3;0;700,0;100,0;195000;1950,0;0;0;0;0;NOVO
JA1545;VENDIDO;APTO;4;2;0;480,0;80,0;210000;2625,0;0;1;1;0;USADO
JA996;VENDIDO;APTO;17;2;0;62,0;62,0;220000;3548,3870967741937;0;0;1;0;NOVO
TER016;DISPONÍVEL;TERRENO UNIFAMILIAR;24;0;0;936,0;0,0;2300000;0,0;0;0;0;0;NOVO
JA973;VENDIDO;DUPLEX;4;2;1;120,0;80,0;230000;2875,0;0;1;1;0;NOVO
IV026;VENDIDO;DUPLEX;13;2;1;120,0;70,0;215000;3071,4285714285716;0;0;1;0;NOVO
TER023;VENDIDO;TERRENO UNIFAMILIAR;4;0;0;480,0;0,0;240000;0,0;0;0;0;0;NOVO
IV020;VENDIDO;DUPLEX;13;2;0;120,0;65,0;215000;3307,6923076923076;0;1;1;0;NOVO
SJ077;VENDIDO;CASA;25;2;0;150,0;70,0;215000;3071,4285714285716;0;0;0;0;USADO
JA1393;VENDIDO;APTO;4;2;0;980,0;65,0;230000;3538,4615384615386;0;1;1;0;USADO
IN023;VENDIDO;CASA;26;2;1;80,0;250,0;220000;880,0;0;1;0;0;NOVO
TER008;VENDIDO;TERRENO UNIFAMILIAR;17;0;0;480,0;100,0;220000;2200,0;0;0;0;0;NOVO
TER010;VENDIDO;TERRENO UNIFAMILIAR;17;0;0;480,0;0,0;220000;0,0;0;0;0;0;NOVO
TER057;DISPONÍVEL;TERRENO MULTIFAMILIAR;3;0;0;600,0;0,0;140000;0,0;0;0;0;0;NOVO
SJ070;VENDIDO;DUPLEX;21;2;0;300,0;607,5;225000;370,3703703703704;0;1;1;0;NOVO
IN079;DISPONÍVEL;CASA;27;2;1;400,0;450,0;210000;466,6666666666667;0;0;0;0;USADO
JA1120;DISPONÍVEL;APTO;28;2;0;800,0;480,0;300000;625,0;0;0;1;0;USADO
TER058;DISPONÍVEL;TERRENO MULTIFAMILIAR;3;0;0;607,5;0,0;100000;0,0;0;0;0;0;NOVO
JA1343;VENDIDO;CASA;14;2;0;150,0;4360,0;230000;52,75229357798165;0;0;0;0;USADO
SB050;VENDIDO;APTO;1;2;1;600,0;480,0;230000;479,1666666666667;0;0;1;0;NOVO
JA1005;VENDIDO;DUPLEX;4;2;1;120,0;480,0;230000;479,1666666666667;0;1;1;0;NOVO
JA1237;VENDIDO;DUPLEX;17;2;0;150,0;65,0;245000;3769,230769230769;0;1;1;0;NOVO
SJ112;VENDIDO;CASA;29;1;0;200,0;60,0;230000;3833,3333333333335;0;0;0;0;NOVO
JA1140;VENDIDO;DUPLEX;4;2;2;125,0;82,0;245000;2987,8048780487807;0;0;1;0;NOVO
SJ089;VENDIDO;CASA;30;2;1;120,0;65,0;235000;3615,3846153846152;0;0;0;0;NOVO
JA1549;VENDIDO;APTO;17;2;0;100,0;70,0;300000;4285,714285714285;1;1;1;0;USADO
JA1474;VENDIDO;APTO;4;2;0;550,0;50,0;260000;5200,0;0;0;1;0;NOVO
IN022;VENDIDO;APTO;7;2;1;74,0;74,0;240000;3243,2432432432433;0;1;1;0;USADO
IN022;VENDIDO;APTO;11;2;1;600,0;74,0;240000;3243,2432432432433;0;0;1;0;USADO
IN093;VENDIDO;DUPLEX;13;2;0;100,0;65,0;300000;4615,384615384615;0;0;1;0;USADO
BAR062;VENDIDO;APTO;28;2;0;450,0;63,0;240000;3809,5238095238096;0;0;1;0;USADO
IV033;VENDIDO;SITIO;13;2;1;1000,0;80,0;430000;5375,0;1;1;0;0;USADO
TER029;DISPONÍVEL;TERRENO UNIFAMILIAR;31;0;0;450,0;0,0;480000;0,0;0;0;0;0;NOVO
TER008;VENDIDO;TERRENO UNIFAMILIAR;1;0;0;480,0;0,0;240000;0,0;0;0;0;0;NOVO
TER061;DISPONÍVEL;TERRENO UNIFAMILIAR;13;0;0;1000,0;0,0;170000;0,0;0;0;0;0;NOVO
IV027;VENDIDO;CASA;13;2;1;220,0;80,0;245000;3062,5;0;0;1;0;NOVO
JA1018;VENDIDO;DUPLEX;4;3;1;480,0;80,0;250000;3125,0;1;1;0;0;NOVO
JA249;VENDIDO;APTO;17;2;0;440,0;60,0;250000;4166,666666666667;0;0;1;0;NOVO
JA1473;VENDIDO;APTO;17;2;1;440,0;80,0;250000;3125,0;0;0;1;0;USADO
JA1156;VENDIDO;CASA;17;2;1;240,0;80,0;250000;3125,0;0;1;0;0;USADO
JA1159;VENDIDO;CASA;4;2;1;240,0;80,0;250000;3125,0;0;0;0;0;USADO
JA1009;VENDIDO;DUPLEX;4;2;1;120,0;80,0;250000;3125,0;0;1;1;0;NOVO
PN011;VENDIDO;CASA;32;2;0;120,0;65,0;250000;3846,153846153846;0;0;1;0;NOVO
IN059;VENDIDO;CASA;31;2;1;360,0;82,0;470000;5731,707317073171;0;1;1;0;NOVO
JA1155;VENDIDO;DUPLEX;4;2;1;150,0;78,0;260000;3333,3333333333335;0;1;1;0;NOVO
JA1449;VENDIDO;APTO;4;2;0;600,0;65,0;260000;4000,0;0;1;0;0;USADO
JA1416;VENDIDO;APTO;4;2;0;600,0;63,0;260000;4126,984126984127;0;0;1;0;NOVO
SB148;VENDIDO;DUPLEX;1;2;1;100,0;67,0;250000;3731,3432835820895;0;1;1;0;NOVO
JA1207;VENDIDO;CASA;4;2;1;150,0;65,0;260000;4000,0;0;0;1;0;NOVO
ITB017;DISPONÍVEL;CASA;19;2;1;220,0;70,0;299000;4271,428571428572;0;0;0;0;USADO
SB165;VENDIDO;DUPLEX;1;2;1;400,0;68,0;250000;3676,470588235294;0;1;1;0;NOVO
TER053;DISPONÍVEL;TERRENO UNIFAMILIAR;13;0;0;4360,0;0,0;150000;0,0;0;0;0;0;NOVO
SB192;VENDIDO;DUPLEX;1;2;2;120,0;80,0;320000;4000,0;0;0;1;0;NOVO
TER014;VENDIDO;TERRENO UNIFAMILIAR;4;0;0;480,0;0,0;250000;0,0;0;0;0;0;NOVO
IV029;VENDIDO;CASA;3;2;1;360,0;100,0;498000;4980,0;0;1;1;0;NOVO
SJ081;VENDIDO;CASA;21;2;0;150,0;75,0;255900;3412,0;0;0;0;0;NOVO
IV031;VENDIDO;CASA;23;2;1;360,0;100,0;498000;4980,0;0;1;1;1;NOVO
SJ097;VENDIDO;CASA;21;2;1;150,0;65,0;259900;3998,4615384615386;0;0;0;0;NOVO
JA1208;VENDIDO;DUPLEX;17;2;1;150,0;75,0;260000;3466,6666666666665;0;1;0;0;NOVO
IN074;VENDIDO;SITIO;3;2;0;1000,0;221,0;550000;2488,68778280543;1;1;0;0;USADO
SB219;VENDIDO;CASA;1;3;1;240,0;110,0;630000;5727,272727272727;0;1;0;1;NOVO
ITB009;VENDIDO;CASA;19;2;1;120,0;65,0;260000;4000,0;0;1;0;0;NOVO
JA1130;VENDIDO;DUPLEX;17;2;1;120,0;70,0;260000;3714,285714285714;0;0;1;0;NOVO
JA1464;VENDIDO;APTO;4;2;1;100,0;80,0;265000;3312,5;0;0;1;0;NOVO
JA1269;VENDIDO;DUPLEX;4;2;2;480,0;84,0;265000;3154,7619047619046;0;1;1;0;NOVO
IV038;VENDIDO;DUPLEX;13;2;0;120,0;65,0;260000;4000,0;0;0;0;0;NOVO
JA1521;DISPONÍVEL;APTO;14;2;1;600,0;80,0;320000;4000,0;0;0;1;0;NOVO
JA1327;VENDIDO;DUPLEX;4;2;1;180,0;80,0;330000;4125,0;0;0;0;0;NOVO
JA930;VENDIDO;CASA;4;2;1;120,0;65,0;270000;4153,846153846154;0;1;0;0;NOVO
JA856;VENDIDO;DUPLEX;4;2;0;120,0;69,0;270000;3913,0434782608695;0;1;0;0;NOVO
JAC031;VENDIDO;CASA;33;2;1;360,0;65,0;270000;4153,846153846154;0;1;0;0;NOVO
SJ083;VENDIDO;CASA;30;2;1;225,0;75,0;260000;3466,6666666666665;0;0;0;0;USADO
TER015;VENDIDO;TERRENO UNIFAMILIAR;4;0;0;440,0;0,0;260000;0,0;0;0;0;0;NOVO
TER060;DISPONÍVEL;TERRENO UNIFAMILIAR;17;0;0;480,0;0,0;80000;0,0;0;0;0;0;NOVO
TER044;VENDIDO;TERRENO UNIFAMILIAR;34;0;0;480,0;0,0;260000;0,0;0;0;0;0;NOVO
BAR040;VENDIDO;DUPLEX;28;2;1;150,0;65,0;265000;4076,923076923077;0;1;1;0;NOVO
SJ079;VENDIDO;DUPLEX;19;2;1;200,0;90,0;265000;2944,4444444444443;0;1;1;0;NOVO
IN052;VENDIDO;DUPLEX;20;2;1;1200,0;74,0;265000;3581,0810810810813;0;1;0;0;NOVO
JA1241;VENDIDO;APTO;17;2;1;600,0;60,0;270000;4500,0;1;1;1;0;NOVO
JAC032;VENDIDO;CASA;33;2;1;360,0;65,0;280000;4307,692307692308;0;1;0;0;USADO
JA1384;VENDIDO;APTO;14;2;0;600,0;65,0;285000;4384,615384615385;0;1;0;0;USADO
IN085;VENDIDO;CASA;3;2;1;220,0;80,0;270000;3375,0;0;0;0;0;NOVO
SB135;VENDIDO;DUPLEX;1;2;2;120,0;78,0;270000;3461,5384615384614;0;0;1;0;NOVO
JA022;VENDIDO;APTO;4;2;0;600,0;80,0;285000;3562,5;0;1;1;0;USADO
CV039;VENDIDO;DUPLEX;35;2;1;120,0;70,0;270000;3857,1428571428573;0;1;1;0;NOVO
JA1337;VENDIDO;DUPLEX;4;2;0;180,0;80,0;330000;4125,0;0;1;0;0;NOVO
JA1220;VENDIDO;DUPLEX;4;2;1;150,0;70,0;285000;4071,4285714285716;0;1;1;0;NOVO
JA1284;VENDIDO;CASA;17;2;1;80,0;480,0;340000;708,3333333333334;0;0;0;0;NOVO
SB194;VENDIDO;CASA;1;3;1;480,0;140,0;850000;6071,428571428572;1;1;0;1;NOVO
JA1244;VENDIDO;DUPLEX;4;2;1;120,0;80,0;285000;3562,5;0;1;0;0;NOVO
JA969;VENDIDO;APTO;17;2;1;100,0;70,0;289000;4128,571428571428;0;1;1;0;NOVO
JA1112;VENDIDO;APTO;17;2;1;480,0;70,0;289000;4128,571428571428;0;1;1;0;NOVO
SJ074;VENDIDO;CASA;21;2;1;400,0;80,0;280000;3500,0;0;1;0;0;NOVO
BAR054;VENDIDO;APTO;28;2;0;500,0;70,0;280000;4000,0;0;1;1;0;NOVO
BAR054;VENDIDO;APTO;28;2;0;480,0;68,0;280000;4117,64705882353;0;1;1;0;USADO
JA1101;VENDIDO;CASA;4;2;1;240,0;90,0;290000;3222,222222222222;0;1;0;0;NOVO
SB175;VENDIDO;APTO;1;2;0;500,0;70,0;280000;4000,0;0;1;1;0;USADO
SB141;VENDIDO;APTO;1;2;0;60,0;50,0;280000;5600,0;0;1;1;0;NOVO
JA1227;VENDIDO;CASA;4;2;1;120,0;68,0;290000;4264,705882352941;0;1;0;0;NOVO
JA1571;VENDIDO;CASA;28;2;0;240,0;65,0;290000;4461,538461538462;0;0;0;0;USADO
IN054;VENDIDO;CASA;3;2;1;480,0;66,0;315000;4772,727272727273;0;0;0;0;NOVO
JA1081;VENDIDO;DUPLEX;4;3;1;180,0;130,0;295000;2269,230769230769;0;1;1;0;USADO
JA1265;VENDIDO;DUPLEX;17;2;0;120,0;65,0;295000;4538,461538461538;0;1;0;0;NOVO
SJ073;VENDIDO;CASA;33;2;1;360,0;65,0;285000;4384,615384615385;0;1;0;0;NOVO
TER034;DISPONÍVEL;TERRENO UNIFAMILIAR;17;0;0;440,0;0,0;300000;0,0;0;0;0;0;NOVO
JA1391;VENDIDO;APTO;17;2;1;440,0;70,0;295000;4214,285714285715;0;1;1;0;NOVO
SJ072;VENDIDO;DUPLEX;21;2;1;250,0;80,0;285000;3562,5;0;1;1;0;NOVO
JA1391;VENDIDO;APTO;17;2;1;440,0;70,0;295000;4214,285714285715;0;1;1;0;NOVO
RV015;VENDIDO;CASA;3;3;1;110,0;450,0;320000;711,1111111111111;0;1;0;0;USADO
JA925;DISPONÍVEL;DUPLEX;4;2;0;150,0;70,0;330000;4714,285714285715;0;1;1;0;NOVO
JA1153;VENDIDO;DUPLEX;4;3;1;250,0;120,0;300000;2500,0;0;1;1;0;USADO
JA1045;VENDIDO;DUPLEX;14;2;0;120,0;80,0;300000;3750,0;0;0;1;0;NOVO
SB189;VENDIDO;DUPLEX;1;2;2;150,0;480,0;289900;603,9583333333334;0;1;1;0;NOVO
JA1045;VENDIDO;DUPLEX;14;2;2;120,0;70,0;300000;4285,714285714285;0;0;1;0;NOVO
SB182;VENDIDO;DUPLEX;1;2;2;150,0;80,0;290000;3625,0;0;1;0;0;NOVO
JA1264;VENDIDO;CASA;17;2;1;120,0;80,0;300000;3750,0;0;0;0;0;NOVO
JA1283;VENDIDO;DUPLEX;4;2;2;150,0;80,0;300000;3750,0;0;0;0;0;NOVO
JA952;VENDIDO;APTO;4;2;1;63,0;63,0;300000;4761,9047619047615;0;0;1;0;NOVO
JA1071;VENDIDO;CASA;17;2;1;550,0;70,0;300000;4285,714285714285;0;0;0;0;NOVO
SB139;VENDIDO;DUPLEX;1;2;1;120,0;70,0;290000;4142,857142857143;0;1;1;0;NOVO
SB155;VENDIDO;DUPLEX;1;2;0;120,0;68,0;290000;4264,705882352941;0;0;0;0;NOVO
SB155;VENDIDO;DUPLEX;1;2;1;120,0;67,0;290000;4328,358208955224;0;1;0;0;NOVO
SB210;VENDIDO;DUPLEX;1;2;2;150,0;85,0;290000;3411,764705882353;0;1;1;0;USADO
IN035;VENDIDO;CASA;10;3;1;250,0;80,0;385000;4812,5;0;1;0;0;NOVO
SJ068;VENDIDO;CASA;30;2;1;230,0;68,0;290000;4264,705882352941;0;0;0;0;NOVO
IN072;VENDIDO;DUPLEX;10;2;1;120,0;65,0;290000;4461,538461538462;0;1;0;0;USADO
IV042;VENDIDO;DUPLEX;13;2;1;120,0;65,0;290000;4461,538461538462;0;1;1;0;NOVO
JA1138;VENDIDO;CASA;4;2;1;150,0;80,0;300000;3750,0;0;1;0;0;NOVO
FLA009;VENDIDO;CASA;36;2;1;216,0;66,0;350000;5303,030303030303;1;1;1;0;NOVO
IN045;VENDIDO;DUPLEX;10;2;1;500,0;70,0;290000;4142,857142857143;0;1;1;0;NOVO
PN017;VENDIDO;CASA;37;2;1;700,0;80,0;299000;3737,5;0;0;0;0;NOVO
IV041;VENDIDO;CASA;13;2;1;180,0;70,0;320000;4571,428571428572;0;0;1;0;NOVO
JA1622;VENDIDO;APTO;4;2;1;960,0;70,0;290000;4142,857142857143;0;0;0;0;USADO
TER050;VENDIDO;TERRENO COMERCIAL;17;0;0;980,0;0,0;660000;0,0;0;0;0;0;NOVO
JA1391;VENDIDO;APTO;17;2;1;440,0;300,0;310000;1033,3333333333333;0;1;1;0;NOVO
JA1286;VENDIDO;APTO;14;2;0;600,0;520,0;310000;596,1538461538462;0;1;1;0;USADO
JA1057;VENDIDO;CASA;4;2;1;240,0;80,0;310000;3875,0;0;1;0;0;NOVO
JAC034;VENDIDO;CASA;33;2;1;360,0;65,0;310000;4769,2307692307695;0;0;0;0;NOVO
IV032;VENDIDO;SITIO;13;5;1;2000,0;500,0;600000;1200,0;1;1;0;0;USADO
ITB013;VENDIDO;CASA;19;2;1;220,0;80,0;295000;3687,5;0;0;0;0;NOVO
IN090;VENDIDO;CASA;3;2;1;480,0;80,0;295000;3687,5;0;0;0;0;USADO
JA1391;VENDIDO;APTO;17;2;1;440,0;70,0;310000;4428,571428571428;0;1;1;0;NOVO
JA1391;VENDIDO;APTO;17;2;1;440,0;70,0;310000;4428,571428571428;0;1;1;0;NOVO
JA1225;VENDIDO;DUPLEX;17;2;2;85,0;480,0;310000;645,8333333333334;0;1;1;0;NOVO
ITB015;VENDIDO;CASA;38;2;1;150,0;70,0;296000;4228,571428571428;0;0;0;0;NOVO
PN009;VENDIDO;APTO;39;3;0;110,0;110,0;299000;2718,181818181818;0;1;1;0;NOVO
PN009;VENDIDO;APTO;39;3;1;1000,0;100,0;299000;2990,0;0;1;1;0;USADO
JA1206;VENDIDO;CASA;4;2;1;480,0;85,0;385000;4529,411764705882;0;0;0;0;NOVO
SJ103;DISPONÍVEL;CASA;30;2;1;220,0;70,0;350000;5000,0;0;0;0;0;NOVO
JA1560;VENDIDO;CASA;16;2;1;200,0;80,0;310000;3875,0;0;1;0;0;USADO
SJ102;VENDIDO;CASA;29;2;1;250,0;70,0;300000;4285,714285714285;0;0;0;0;NOVO
JA1455;VENDIDO;CASA;17;2;0;120,0;65,0;320000;4923,076923076923;0;0;0;0;NOVO
JA1476;VENDIDO;DUPLEX;17;2;1;100,0;70,0;315000;4500,0;0;0;1;0;USADO
SB198;VENDIDO;DUPLEX;1;2;2;130,0;80,0;300000;3750,0;0;1;0;0;NOVO
JA1488 ;VENDIDO;DUPLEX;17;2;1;440,0;70,0;315000;4500,0;0;0;1;0;USADO
JA1039;VENDIDO;DUPLEX;17;2;1;120,0;70,0;319000;4557,142857142857;0;1;0;0;NOVO
SB185;VENDIDO;APTO;1;2;0;500,0;78,0;300000;3846,153846153846;0;1;1;0;USADO
JA1212;VENDIDO;DUPLEX;17;2;1;150,0;300,0;319000;1063,3333333333333;0;1;0;0;NOVO
PN015;VENDIDO;CASA;40;2;1;450,0;520,0;320000;615,3846153846154;0;0;0;0;NOVO
JA1557;VENDIDO;CASA;17;1;0;240,0;240,0;320000;1333,3333333333333;0;1;1;0;USADO
IN084;VENDIDO;DUPLEX;10;2;1;120,0;70,0;330000;4714,285714285715;0;1;1;0;NOVO
IN087;VENDIDO;CASA;31;3;1;360,0;110,0;660000;6000,0;0;1;1;0;NOVO
IN057;VENDIDO;DUPLEX;20;2;1;180,0;80,0;300000;3750,0;0;1;0;0;NOVO
JA1295;VENDIDO;CASA;4;2;1;250,0;65,0;320000;4923,076923076923;0;0;0;0;USADO
JA1391;VENDIDO;APTO;17;2;1;440,0;70,0;320000;4571,428571428572;0;1;1;0;NOVO
JA1450;VENDIDO;CASA;4;2;1;240,0;80,0;390000;4875,0;0;0;0;0;NOVO
JA1054;VENDIDO;DUPLEX;4;2;2;120,0;70,0;320000;4571,428571428572;0;1;0;0;NOVO
JA1054;VENDIDO;DUPLEX;4;2;2;120,0;70,0;320000;4571,428571428572;0;1;0;0;NOVO
RV012;VENDIDO;CASA;3;2;1;220,0;110,0;300000;2727,2727272727275;0;1;1;0;NOVO
JA1370;DISPONÍVEL;DUPLEX;4;2;1;120,0;65,0;360000;5538,461538461538;1;0;0;0;NOVO
JA1215;VENDIDO;APTO;14;2;1;600,0;80,0;322000;4025,0;0;1;1;0;NOVO
JA1219;VENDIDO;DUPLEX;17;2;2;150,0;70,0;325000;4642,857142857143;0;1;0;0;NOVO
JA1291;VENDIDO;DUPLEX;4;2;2;120,0;65,0;325000;5000,0;0;0;1;0;NOVO
JA1537;VENDIDO;DUPLEX;4;2;1;120,0;70,0;345000;4928,571428571428;0;1;1;0;NOVO
IV036;DISPONÍVEL;CASA;41;4;1;220,0;100,0;330000;3300,0;0;0;1;0;NOVO
IN048;VENDIDO;DUPLEX;10;2;1;100,0;70,0;304000;4342,857142857143;0;1;1;0;NOVO
JA1492;VENDIDO;CASA;4;2;1;240,0;100,0;395000;3950,0;0;0;0;0;USADO
JA1551;DISPONÍVEL;DUPLEX;14;2;1;120,0;70,0;345000;4928,571428571428;0;0;1;0;NOVO
JA1059;VENDIDO;CASA;4;2;1;225,0;65,0;330000;5076,923076923077;0;1;0;0;NOVO
RV012;VENDIDO;CASA;3;2;1;257,0;70,0;305000;4357,142857142857;0;1;1;0;NOVO
JA1057;VENDIDO;CASA;4;2;1;240,0;80,0;330000;4125,0;0;1;0;0;NOVO
SB179;VENDIDO;CASA;1;2;1;120,0;80,0;310000;3875,0;0;1;0;0;NOVO
JA1977;VENDIDO;DUPLEX;4;2;2;150,0;80,0;330000;4125,0;0;0;0;0;NOVO
JA1480;DISPONÍVEL;CASA;4;2;1;440,0;70,0;330000;4714,285714285715;0;0;0;0;NOVO
JA1307;VENDIDO;CASA;4;2;1;240,0;70,0;395000;5642,857142857143;0;0;0;0;NOVO
JA1309;VENDIDO;CASA;4;2;1;240,0;70,0;395000;5642,857142857143;0;0;0;0;NOVO
JA1328;VENDIDO;CASA;4;2;1;225,0;80,0;395000;4937,5;0;0;0;0;NOVO
IV035;VENDIDO;CASA;13;2;1;200,0;80,0;310000;3875,0;1;1;1;0;USADO
JA1231;VENDIDO;DUPLEX;17;2;2;120,0;70,0;335000;4785,714285714285;0;1;0;0;NOVO
JA1519;DISPONÍVEL;DUPLEX;17;2;1;70,0;100,0;345000;3450,0;0;0;1;0;NOVO
JAC033;VENDIDO;CASA;33;2;1;360,0;64,0;335000;5234,375;0;0;0;0;NOVO
JA1308;VENDIDO;CASA;17;2;1;480,0;70,0;395000;5642,857142857143;0;0;0;0;NOVO
SJ124;DISPONÍVEL;CASA;29;2;1;57,57;240,0;330000;1375,0;0;0;0;0;NOVO
JA1266;VENDIDO;APTO;17;3;1;250,0;100,0;340000;3400,0;1;1;1;0;USADO
FLA004;VENDIDO;CASA;42;2;1;250,0;100,0;310000;3100,0;0;0;0;0;NOVO
SJ094;VENDIDO;CASA;8;2;1;225,0;65,0;310000;4769,2307692307695;0;0;0;0;NOVO
JA993;VENDIDO;CASA;4;2;1;225,0;90,0;340000;3777,777777777778;1;0;0;0;USADO
JA1002;VENDIDO;CASA;4;2;1;225,0;75,0;340000;4533,333333333333;0;1;0;0;USADO
JA1168;VENDIDO;DUPLEX;4;2;2;150,0;71,0;340000;4788,732394366197;0;1;0;0;NOVO
JA1168;VENDIDO;DUPLEX;4;2;2;150,0;71,0;340000;4788,732394366197;0;1;0;0;NOVO
JA1177;VENDIDO;CASA;17;2;1;240,0;70,0;340000;4857,142857142857;0;1;0;0;USADO
JA1358;VENDIDO;DUPLEX;17;2;1;120,0;70,0;340000;4857,142857142857;0;1;0;0;NOVO
JA1376;VENDIDO;CASA;4;2;1;240,0;70,0;395000;5642,857142857143;0;0;0;0;NOVO
IV034;VENDIDO;CASA;41;2;1;190,0;85,0;315000;3705,8823529411766;0;0;1;0;NOVO
JA1211;VENDIDO;CASA;4;2;1;120,0;65,0;340000;5230,7692307692305;0;0;1;0;NOVO
JA1274;VENDIDO;CASA;4;2;1;220,0;80,0;395000;4937,5;0;1;0;0;NOVO
IN073;VENDIDO;CASA;43;2;1;406,0;72,5;370000;5103,448275862069;0;1;0;0;NOVO
JA1223;VENDIDO;CASA;17;2;1;440,0;68,0;340000;5000,0;0;0;0;0;NOVO
RV018;VENDIDO;CASA;43;2;1;406,0;95,0;370000;3894,7368421052633;0;1;0;0;NOVO
JA966;VENDIDO;DUPLEX;14;2;2;120,0;80,0;345000;4312,5;0;1;1;0;NOVO
JA1418;VENDIDO;CASA;17;2;1;360,0;85,0;398000;4682,35294117647;0;0;1;0;NOVO
SJ116;DISPONÍVEL;CASA;21;2;1;150,0;80,0;340000;4250,0;0;0;0;0;NOVO
JA1377;VENDIDO;CASA;4;2;1;240,0;70,0;398000;5685,714285714285;0;0;0;0;NOVO
RV017;VENDIDO;CASA;43;2;1;400,0;80,0;320000;4000,0;0;0;0;0;NOVO
JA1515;VENDIDO;CASA;4;2;1;240,0;80,0;415000;5187,5;0;0;0;0;NOVO
ITB012;VENDIDO;CASA;44;2;1;220,0;70,0;320000;4571,428571428572;0;0;0;0;USADO
JA1576;VENDIDO;CASA;4;2;1;240,0;80,0;430000;5375,0;0;0;0;0;NOVO
JA1556;VENDIDO;CASA;17;2;1;240,0;80,0;345000;4312,5;0;1;0;0;USADO
SJ075;VENDIDO;CASA;30;2;1;230,0;68,0;320000;4705,882352941177;0;0;0;0;NOVO
JA1477;VENDIDO;APTO;14;2;1;100,0;80,0;350000;4375,0;0;1;1;0;NOVO
JA1552;DISPONÍVEL;DUPLEX;14;2;2;120,0;75,0;360000;4800,0;0;0;1;0;NOVO
BAR032;VENDIDO;DUPLEX;28;2;1;120,0;80,0;320000;4000,0;0;0;0;0;NOVO
JA1346;VENDIDO;CASA;17;3;1;480,0;100,0;450000;4500,0;0;1;0;0;NOVO
JA1519;DISPONÍVEL;DUPLEX;17;2;1;70,0;100,0;360000;3600,0;0;0;1;0;NOVO
JA1519;DISPONÍVEL;DUPLEX;17;2;1;70,0;100,0;360000;3600,0;0;0;1;0;NOVO
JA1519;DISPONÍVEL;DUPLEX;17;2;1;70,0;100,0;360000;3600,0;0;0;1;0;NOVO
JA1388;VENDIDO;APTO;14;2;1;120,0;600,0;350000;583,3333333333334;0;1;1;0;NOVO
JA1419;VENDIDO;CASA;17;2;1;120,0;65,0;350000;5384,615384615385;0;0;0;0;NOVO
JA1068;VENDIDO;CASA;17;2;1;240,0;80,0;350000;4375,0;1;0;0;0;USADO
JA659;VENDIDO;DUPLEX;14;2;1;140,0;80,0;350000;4375,0;0;1;1;0;USADO
JA1056;VENDIDO;CASA;17;2;1;240,0;90,0;350000;3888,8888888888887;1;0;0;0;NOVO
JA1209;VENDIDO;DUPLEX;17;2;1;150,0;75,0;350000;4666,666666666667;0;1;1;0;NOVO
JA1115;VENDIDO;CASA;4;2;1;250,0;100,0;350000;3500,0;0;1;0;0;NOVO
JA1364;VENDIDO;CASA;4;2;1;150,0;137,6;350000;2543,604651162791;0;1;0;0;USADO
JA1481;VENDIDO;CASA;4;2;1;440,0;70,0;350000;5000,0;0;0;0;0;NOVO
JA1051;VENDIDO;CASA;4;2;1;240,0;90,0;350000;3888,8888888888887;0;1;0;0;NOVO
JA1051;VENDIDO;CASA;4;2;1;240,0;90,0;350000;3888,8888888888887;0;1;0;0;NOVO
JA1554;VENDIDO;DUPLEX;17;2;1;150,0;70,0;350000;5000,0;0;1;0;0;USADO
SB217;VENDIDO;DUPLEX;1;2;0;120,0;65,0;340000;5230,7692307692305;0;0;0;0;NOVO
TER032;VENDIDO;TERRENO UNIFAMILIAR;17;0;0;520,0;0,0;350000;0,0;0;0;0;0;NOVO
JA1541;VENDIDO;CASA;17;2;1;480,0;85,0;450000;5294,117647058823;0;1;0;0;NOVO
JA1543;VENDIDO;CASA;17;2;1;240,0;80,0;470000;5875,0;0;1;0;0;NOVO
JA1157;VENDIDO;CASA;16;2;1;240,0;100,0;350000;3500,0;0;1;0;0;USADO
JA1063;VENDIDO;CASA;4;2;1;240,0;80,0;350000;4375,0;0;1;0;0;NOVO
JA1597;VENDIDO;CASA;4;2;1;240,0;70,0;350000;5000,0;0;0;0;0;NOVO
JA1519;DISPONÍVEL;DUPLEX;17;2;1;70,0;100,0;360000;3600,0;0;0;1;0;NOVO
JA1568;VENDIDO;DUPLEX;17;2;1;120,0;70,0;360000;5142,857142857143;0;1;1;0;USADO
FLA006;VENDIDO;CASA;42;2;1;240,0;80,0;340000;4250,0;0;1;0;0;NOVO
JA1152;DISPONÍVEL;DUPLEX;4;2;1;150,0;80,0;350000;4375,0;0;1;0;0;NOVO
JA1061;VENDIDO;DUPLEX;4;2;1;400,0;80,0;350000;4375,0;0;0;0;0;NOVO
JA1267;VENDIDO;APTO;17;3;1;250,0;100,0;360000;3600,0;1;1;1;0;USADO
JA1331;VENDIDO;DUPLEX;4;2;1;240,0;80,0;360000;4500,0;0;0;0;0;USADO
JA1126;VENDIDO;CASA;17;2;1;480,0;80,0;360000;4500,0;0;0;0;0;NOVO
JA1067;VENDIDO;DUPLEX;4;2;1;120,0;80,0;360000;4500,0;0;1;0;0;NOVO
JA1067;VENDIDO;DUPLEX;4;2;1;120,0;80,0;360000;4500,0;0;1;0;0;NOVO
JA1067;VENDIDO;DUPLEX;4;2;1;150,0;70,0;360000;5142,857142857143;0;1;0;0;NOVO
JA1366;DISPONÍVEL;DUPLEX;14;2;2;180,0;84,0;380000;4523,809523809524;0;1;1;0;USADO
IV028;VENDIDO;CASA;13;4;0;400,0;200,0;520000;2600,0;0;1;1;0;USADO
CV043;VENDIDO;CASA;35;2;1;240,0;100,0;510000;5100,0;0;1;0;0;NOVO
TER005;VENDIDO;TERRENO UNIFAMILIAR;14;0;0;600,0;0,0;350000;0,0;0;0;0;0;NOVO
IV030;VENDIDO;CASA;13;4;1;360,0;150,0;520000;3466,6666666666665;1;1;1;0;USADO
JA1262;VENDIDO;CASA;4;2;1;240,0;80,0;360000;4500,0;0;1;0;0;NOVO
JA1365;VENDIDO;CASA;17;2;1;240,0;60,0;360000;6000,0;0;1;0;0;USADO
JA1548;VENDIDO;CASA;4;2;1;240,0;120,0;360000;3000,0;1;1;0;0;USADO
JA1604;VENDIDO;CASA;4;2;1;130,0;80,0;348000;4350,0;0;1;0;0;NOVO
TER019;DISPONÍVEL;TERRENO UNIFAMILIAR;45;0;0;454,0;0,0;650000;0,0;0;0;0;0;NOVO
JA1421;VENDIDO;DUPLEX;14;2;2;150,0;70,0;360000;5142,857142857143;0;0;0;0;NOVO
SB197;VENDIDO;CASA;1;2;1;240,0;90,0;399000;4433,333333333333;0;1;0;0;NOVO
SB178;VENDIDO;CASA;1;2;1;240,0;90,0;355000;3944,4444444444443;0;1;0;0;NOVO
IN081;VENDIDO;CASA;3;2;1;600,0;100,0;550000;5500,0;0;0;1;0;NOVO
IN061;VENDIDO;CASA;3;4;1;520,0;100,0;350000;3500,0;0;0;1;0;USADO
SJ104;VENDIDO;CASA;21;2;1;180,0;70,0;340000;4857,142857142857;0;0;0;0;NOVO
JA1472;VENDIDO;DUPLEX;17;2;2;440,0;70,0;360000;5142,857142857143;0;1;0;0;NOVO
JA1344;VENDIDO;CASA;4;2;1;240,0;90,0;360000;4000,0;0;1;0;0;NOVO
JA1477;VENDIDO;APTO;14;2;1;100,0;80,0;390000;4875,0;0;1;1;1;NOVO
BAR068;DISPONÍVEL;DUPLEX;28;2;1;100,0;80,0;360000;4500,0;0;1;1;0;NOVO
IN038;VENDIDO;CASA;6;2;1;230,0;68,0;350000;5147,058823529412;0;0;0;0;NOVO
IN043;VENDIDO;CASA;10;2;1;240,0;80,0;350000;4375,0;0;0;0;0;NOVO
SJ091;VENDIDO;CASA;8;2;1;250,0;80,0;350000;4375,0;0;1;0;0;NOVO
SJ108;VENDIDO;CASA;29;2;1;220,0;80,0;350000;4375,0;0;0;0;0;NOVO
JA1615;VENDIDO;APTO;17;3;1;600,0;100,0;420000;4200,0;0;0;1;0;NOVO
BAR067;VENDIDO;DUPLEX;14;2;2;100,0;81,0;420000;5185,185185185185;0;1;1;0;USADO
SB183;VENDIDO;CASA;1;2;1;240,0;100,0;399000;3990,0;0;1;0;0;NOVO
SB200;VENDIDO;CASA;1;2;1;240,0;80,0;399000;4987,5;0;1;0;0;NOVO
JA1582;DISPONÍVEL;APTO;17;3;1;650,0;100,0;450000;4500,0;0;0;1;0;NOVO
SB200;VENDIDO;CASA;1;2;1;240,0;80,0;399000;4987,5;0;1;0;0;NOVO
CV048;VENDIDO;APTO;35;2;1;100,0;65,0;465000;7153,846153846154;0;1;1;1;NOVO
SB158;VENDIDO;CASA;1;2;1;240,0;80,0;350000;4375,0;0;0;0;0;NOVO
SB200;VENDIDO;CASA;1;2;1;240,0;80,0;399000;4987,5;0;1;0;0;NOVO
SB200;VENDIDO;CASA;1;2;1;240,0;80,0;399000;4987,5;0;1;0;0;NOVO
SJ088;VENDIDO;CASA;8;2;1;240,0;80,0;350000;4375,0;0;1;0;0;NOVO
JA1553;VENDIDO;CASA;4;3;1;440,0;130,0;850000;6538,461538461538;1;1;0;1;NOVO
JA1169;VENDIDO;DUPLEX;17;2;1;150,0;80,0;365000;4562,5;0;1;0;0;NOVO
JA1558;VENDIDO;CASA;4;2;1;150,0;80,0;365000;4562,5;0;1;0;0;NOVO
JA1491;VENDIDO;APTO;14;2;1;100,0;80,0;365000;4562,5;0;1;1;1;NOVO
JA1547;VENDIDO;CASA;4;2;1;240,0;80,0;365000;4562,5;0;0;0;0;USADO
JA1593;VENDIDO;DUPLEX;17;2;1;130,0;70,0;365000;5214,285714285715;0;0;0;0;NOVO
CV048;VENDIDO;APTO;35;2;1;100,0;65,0;465000;7153,846153846154;0;1;1;1;NOVO
JA1425;VENDIDO;CASA;14;3;1;220,0;100,0;370000;3700,0;1;1;0;0;USADO
JA1100;VENDIDO;CASA;4;2;1;260,0;100,0;370000;3700,0;0;1;0;0;NOVO
TER003;VENDIDO;TERRENO UNIFAMILIAR;17;0;0;480,0;104,0;320000;3076,923076923077;0;0;0;0;NOVO
BAR064;VENDIDO;CASA;17;2;1;220,0;80,0;360000;4500,0;0;0;0;0;USADO
TER035;VENDIDO;TERRENO UNIFAMILIAR;2;0;0;586,0;0,0;120000;0,0;0;0;1;0;NOVO
JA1209;VENDIDO;DUPLEX;17;2;1;150,0;75,0;370000;4933,333333333333;0;1;0;0;NOVO
JA1290;VENDIDO;CASA;4;2;1;240,0;80,0;370000;4625,0;0;1;0;0;NOVO
JA1423;VENDIDO;CASA;4;2;1;240,0;70,0;370000;5285,714285714285;0;0;0;0;NOVO
JA1268;VENDIDO;CASA;4;2;1;240,0;70,0;370000;5285,714285714285;0;1;0;0;NOVO
ITB014;VENDIDO;CASA;19;2;1;150,0;70,0;350000;5000,0;0;0;0;0;USADO
PN016;DISPONÍVEL;CASA;40;2;1;330,0;80,0;350000;4375,0;0;0;0;0;NOVO
CAJ008;VENDIDO;CASA;46;2;1;250,0;80,0;350000;4375,0;0;0;0;0;USADO
SJ082;VENDIDO;CASA;8;2;1;250,0;90,0;350000;3888,8888888888887;0;1;0;0;NOVO
JA1323;VENDIDO;APTO;14;2;1;600,0;84,09;375000;4459,507670353193;0;0;1;0;NOVO
PN010;VENDIDO;CASA;32;2;1;100,0;250,0;350000;1400,0;1;1;0;0;USADO
SJ083;VENDIDO;CASA;21;2;1;240,0;80,0;350000;4375,0;0;0;0;0;NOVO
JA987;VENDIDO;CASA;4;2;1;240,0;80,0;375000;4687,5;0;1;0;0;NOVO
SJ118;DISPONÍVEL;CASA;38;2;1;220,0;80,0;350000;4375,0;0;0;0;0;USADO
SJ087;VENDIDO;CASA;21;2;1;230,0;80,0;375000;4687,5;0;0;0;0;NOVO
SJ110;VENDIDO;CASA ;21;2;1;240,0;80,0;375000;4687,5;0;0;0;0;NOVO
JA1230;VENDIDO;CASA;17;3;1;500,0;90,0;380000;4222,222222222223;0;1;0;0;NOVO
JA1053;VENDIDO;CASA;4;2;1;240,0;89,0;380000;4269,662921348315;0;1;0;0;NOVO
JA1024;VENDIDO;CASA;17;2;1;480,0;100,0;380000;3800,0;0;1;0;0;NOVO
JA997;VENDIDO;CASA;14;2;2;200,0;65,0;380000;5846,153846153846;0;1;0;0;NOVO
IN047;VENDIDO;CASA;10;2;1;250,0;80,0;360000;4500,0;1;1;0;0;USADO
JA1127;VENDIDO;CASA;4;2;1;480,0;150,0;380000;2533,3333333333335;0;1;0;0;USADO
JA1458;VENDIDO;DUPLEX;17;2;0;150,0;68,0;380000;5588,235294117647;0;1;0;0;USADO
JA1472;VENDIDO;DUPLEX;17;2;2;440,0;70,0;380000;5428,571428571428;0;1;0;0;NOVO
JA1121;VENDIDO;CASA;4;2;1;480,0;100,0;380000;3800,0;0;0;0;0;USADO
JA1158;VENDIDO;CASA;4;2;1;240,0;80,0;380000;4750,0;0;1;0;0;USADO
SJ118;VENDIDO;CASA;29;2;1;180,0;122,0;350000;2868,8524590163934;0;0;0;0;USADO
JA1587;VENDIDO;CASA;17;3;1;480,0;130,0;878000;6753,846153846154;1;1;0;0;NOVO
JA1016;VENDIDO;CASA;4;2;1;240,0;100,0;385000;3850,0;0;1;0;0;NOVO
JA1599;VENDIDO;CASA;17;2;1;240,0;90,0;390000;4333,333333333333;0;1;0;0;USADO
CAX014;DISPONÍVEL;CASA;15;2;1;210,0;67,52;350000;5183,649289099526;0;0;1;0;NOVO
JA1135;VENDIDO;CASA;4;3;1;240,0;130,0;535000;4115,384615384615;1;1;0;0;NOVO
JA1163;VENDIDO;CASA;4;2;1;240,0;110,0;390000;3545,4545454545455;0;1;0;0;NOVO
JA972;VENDIDO;CASA;4;2;1;240,0;100,0;390000;3900,0;0;1;0;0;NOVO
JA1214;VENDIDO;DUPLEX;14;2;2;150,0;80,0;390000;4875,0;0;0;0;0;NOVO
JA1320;VENDIDO;DUPLEX;17;2;1;100,0;80,0;390000;4875,0;0;1;1;0;NOVO
JA1542;VENDIDO;CASA;17;2;1;225,0;80,0;390000;4875,0;0;0;0;0;USADO
SB162;VENDIDO;CASA;1;2;2;250,0;95,0;385000;4052,6315789473683;0;1;0;0;NOVO
CAX001;VENDIDO;CASA;47;2;1;216,0;66,0;385000;5833,333333333333;1;1;1;0;NOVO
JA1386;VENDIDO;CASA;17;3;1;240,0;100,0;628000;6280,0;1;1;0;1;NOVO
JA1347;VENDIDO;CASA;17;3;1;240,0;120,0;630000;5250,0;1;1;0;0;NOVO
JA1342;DISPONÍVEL;COBERTURA;14;2;1;150,0;100,0;550000;5500,0;0;1;1;1;USADO
JA1386;VENDIDO;CASA;17;3;1;240,0;100,0;648000;6480,0;1;1;0;1;NOVO
JA1226;VENDIDO;CASA;4;3;1;480,0;130,0;690000;5307,692307692308;0;1;0;0;NOVO
IV040;VENDIDO;CASA;13;3;1;234,0;90,0;520000;5777,777777777777;0;1;0;0;NOVO
JA1468;VENDIDO;CASA;4;3;1;440,0;130,0;748000;5753,846153846154;0;1;0;1;NOVO
JA1422;VENDIDO;CASA;17;3;1;440,0;120,0;748000;6233,333333333333;0;1;1;0;NOVO
RV016;VENDIDO;CASA;48;3;1;360,0;100,0;360000;3600,0;0;0;1;0;USADO
SJ076;VENDIDO;CASA;8;3;1;250,0;100,0;360000;3600,0;0;0;0;0;NOVO
JA1422;VENDIDO;CASA;17;3;1;440,0;120,0;748000;6233,333333333333;0;1;1;0;NOVO
SJ086;VENDIDO;CASA;8;3;1;360,0;100,0;360000;3600,0;0;0;0;0;NOVO
BAR051;VENDIDO;CASA;28;2;1;240,0;90,0;360000;4000,0;1;1;1;0;NOVO
ITB011;VENDIDO;CASA;8;2;1;250,0;110,0;360000;3272,7272727272725;0;1;0;0;USADO
JA1301;VENDIDO;CASA;4;3;1;480,0;140,0;768000;5485,714285714285;1;1;0;1;NOVO
SJ098;VENDIDO;CASA;30;2;1;330,0;80,0;365000;4562,5;0;1;0;0;NOVO
JA1385;VENDIDO;CASA;4;2;1;225,0;80,0;395000;4937,5;0;1;0;0;NOVO
JA1200;VENDIDO;APTO;17;3;1;500,0;100,0;395000;3950,0;0;1;1;0;NOVO
JA1497;VENDIDO;DUPLEX;14;2;1;250,0;100,0;395000;3950,0;0;1;1;0;USADO
JA961;VENDIDO;CASA;4;3;1;240,0;100,0;395000;3950,0;0;1;0;0;NOVO
IN067;VENDIDO;CASA;10;2;1;240,0;80,0;370000;4625,0;0;0;0;0;NOVO
JA1493;VENDIDO;LOFT;14;1;0;150,0;68,0;295000;4338,235294117647;0;1;0;0;NOVO
JA1509;VENDIDO;DUPLEX;17;3;1;220,0;80,0;395000;4937,5;0;1;0;0;USADO
JA1508;VENDIDO;DUPLEX;17;3;1;240,0;100,0;395000;3950,0;0;1;0;0;USADO
JA1050;VENDIDO;DUPLEX;17;2;0;120,0;80,0;330000;4125,0;0;1;0;0;NOVO
JA1338;VENDIDO;CASA;4;2;1;240,0;90,0;395000;4388,888888888889;0;0;0;0;USADO
CAX003;VENDIDO;CASA;47;3;1;216,0;98,0;370000;3775,5102040816328;1;1;1;0;NOVO
JA1178;VENDIDO;CASA;17;2;1;440,0;70,0;395000;5642,857142857143;0;0;0;0;NOVO
JA1280;VENDIDO;CASA;4;2;1;225,0;95,0;395000;4157,894736842105;0;1;0;0;NOVO
JA1142;VENDIDO;CASA;4;2;1;240,0;109,0;395000;3623,853211009174;0;1;0;0;NOVO
JA1122;VENDIDO;CASA;4;2;0;220,0;91,0;395000;4340,659340659341;0;1;0;0;NOVO
JA1175;VENDIDO;CASA;4;2;1;240,0;100,0;395000;3950,0;0;1;0;0;NOVO
JA1362;VENDIDO;CASA;17;2;1;480,0;90,0;395000;4388,888888888889;0;1;0;0;USADO
JA1394;VENDIDO;CASA;17;2;1;220,0;72,0;395000;5486,111111111111;0;0;0;0;USADO
JA1102;VENDIDO;CASA;17;2;1;520,0;95,0;395000;4157,894736842105;0;1;0;0;NOVO
SB201;VENDIDO;CASA;1;2;1;240,0;90,0;370000;4111,111111111111;0;0;0;0;NOVO
JA1103;VENDIDO;CASA;17;2;1;520,0;95,0;395000;4157,894736842105;0;1;0;0;NOVO
JA1203;VENDIDO;DUPLEX;17;2;2;150,0;100,0;395000;3950,0;0;1;0;0;NOVO
BAR052;VENDIDO;CASA;28;2;1;250,0;80,0;380000;4750,0;0;1;0;0;NOVO
JA1203;VENDIDO;DUPLEX;17;2;2;150,0;100,0;395000;3950,0;0;1;0;0;NOVO
JA1050;VENDIDO;DUPLEX;14;2;0;120,0;65,0;330000;5076,923076923077;0;1;1;0;NOVO
JA1357;VENDIDO;CASA;4;2;1;120,0;70,0;330000;4714,285714285715;0;1;0;0;NOVO
JA1276;VENDIDO;CASA;14;2;1;240,0;65,0;398000;6123,076923076923;0;1;0;0;NOVO
REC020;VENDIDO;DUPLEX;34;2;1;270,0;120,0;380000;3166,6666666666665;0;1;0;0;NOVO
JA1595;DISPONÍVEL;CASA;4;2;1;150,0;70,0;380000;5428,571428571428;0;1;0;0;NOVO
JA971;VENDIDO;CASA;17;3;1;240,0;100,0;400000;4000,0;0;1;0;0;NOVO
REC010;VENDIDO;DUPLEX;34;2;2;120,0;72,0;385000;5347,222222222223;0;1;0;0;NOVO
JA962;VENDIDO;CASA;17;2;1;480,0;80,0;400000;5000,0;0;1;0;0;NOVO
JA1042;VENDIDO;CASA;17;2;1;480,0;100,0;400000;4000,0;0;1;0;0;NOVO
SB208;VENDIDO;CASA;1;2;1;240,0;90,0;380000;4222,222222222223;0;1;0;0;USADO
JA1042;VENDIDO;CASA;4;2;1;480,0;120,0;400000;3333,3333333333335;0;1;0;0;NOVO
JA1354;VENDIDO;CASA;17;2;1;240,0;100,0;400000;4000,0;1;1;0;0;USADO
JA971;VENDIDO;CASA;4;2;1;250,0;80,0;400000;5000,0;0;0;0;0;NOVO
SB238;VENDIDO;CASA;1;2;1;240,0;80,0;380000;4750,0;0;0;0;0;NOVO
SB163;VENDIDO;CASA;1;2;1;240,0;70,0;415000;5928,571428571428;0;0;0;0;NOVO
BAR058;VENDIDO;CASA;28;2;1;216,0;70,0;415000;5928,571428571428;0;0;0;0;NOVO
JA984;VENDIDO;CASA;4;2;1;240,0;100,0;400000;4000,0;0;1;0;0;USADO
JA952;VENDIDO;APTO;4;2;1;150,0;100,0;400000;4000,0;0;1;1;0;NOVO
JA1536;VENDIDO;CASA;17;1;1;480,0;150,0;400000;2666,6666666666665;1;1;0;0;NOVO
CAJ010;VENDIDO;CASA;2;2;1;220,0;87,0;398000;4574,712643678161;0;1;1;0;NOVO
CAJ004;VENDIDO;CASA;46;3;1;450,0;100,0;399000;3990,0;0;1;0;0;NOVO
BAR065;VENDIDO;CASA;28;2;1;250,0;80,0;350000;4375,0;0;1;0;0;NOVO
JA1472;VENDIDO;DUPLEX;17;2;2;440,0;70,0;400000;5714,285714285715;0;1;0;0;NOVO
JA1311;VENDIDO;CASA;4;2;1;240,0;100,0;400000;4000,0;0;1;0;0;NOVO
JA1601;VENDIDO;CASA;4;2;1;120,0;80,0;400000;5000,0;0;1;0;0;NOVO
JA1371;VENDIDO;DUPLEX;17;2;2;150,0;80,0;409000;5112,5;0;1;0;0;NOVO
JA1356;VENDIDO;CASA;14;3;1;250,0;100,0;410000;4100,0;0;1;0;0;NOVO
TER017;DISPONÍVEL;TERRENO UNIFAMILIAR;17;0;0;450,0;0,0;330000;0,0;0;0;0;0;NOVO
CV048;VENDIDO;APTO;35;2;1;100,0;65,0;399000;6138,461538461538;0;1;1;1;NOVO
IN044;VENDIDO;CASA;10;2;1;250,0;100,0;380000;3800,0;0;1;0;0;NOVO
JA1164;VENDIDO;CASA;14;2;1;150,0;80,0;410000;5125,0;0;0;0;0;NOVO
JA1357;VENDIDO;CASA;4;2;1;150,0;70,0;345000;4928,571428571428;0;1;0;0;NOVO
SB232;VENDIDO;CASA;1;3;1;225,0;120,0;660000;5500,0;0;1;0;1;NOVO
IN032;VENDIDO;CASA;10;3;1;250,0;80,0;390000;4875,0;0;1;0;0;NOVO
SJ101;VENDIDO;CASA;29;3;1;360,0;121,0;390000;3223,1404958677685;0;0;1;0;NOVO
IN060;VENDIDO;CASA;3;2;1;360,0;100,0;390000;3900,0;0;1;1;0;USADO
SB150;VENDIDO;CASA;1;2;1;250,0;80,0;390000;4875,0;0;1;0;0;NOVO
SB176;VENDIDO;CASA;1;2;1;240,0;120,0;390000;3250,0;1;1;0;0;USADO
PN014;DISPONÍVEL;CASA;40;2;1;600,0;80,0;380000;4750,0;0;0;0;0;NOVO
CAJ015;VENDIDO;CASA;2;3;2;220,0;100,0;550000;5500,0;0;1;1;0;NOVO
JA1213;VENDIDO;APTO;17;3;1;500,0;100,0;420000;4200,0;0;1;1;0;NOVO
JA1357;VENDIDO;CASA;4;2;1;150,0;70,0;365000;5214,285714285715;0;1;0;0;NOVO
JA1201;VENDIDO;APTO;17;3;1;500,0;100,0;420000;4200,0;0;1;1;0;NOVO
SJ080;VENDIDO;CASA;38;2;1;360,0;100,0;390000;3900,0;0;1;0;0;NOVO
SB181;VENDIDO;CASA;1;2;1;240,0;100,0;390000;3900,0;0;1;0;0;NOVO
CV038;VENDIDO;DUPLEX;35;2;2;220,0;80,0;390000;4875,0;0;0;0;0;NOVO
JA1166;VENDIDO;CASA;4;0;0;480,0;150,0;420000;2800,0;0;0;0;0;NOVO
CAX015;DISPONÍVEL;CASA;15;2;1;210,0;66,0;380000;5757,575757575758;0;0;1;0;NOVO
JA1164;VENDIDO;CASA;14;2;1;150,0;80,0;420000;5250,0;0;1;0;0;NOVO
CV047;VENDIDO;CASA;35;2;1;150,0;70,0;395000;5642,857142857143;0;1;0;0;USADO
CAX016;DISPONÍVEL;CASA;15;2;1;210,0;66,0;380000;5757,575757575758;0;0;1;0;NOVO
JA1332;VENDIDO;CASA;17;2;1;480,0;76,0;420000;5526,315789473684;0;0;0;1;NOVO
JA1255;VENDIDO;CASA;4;2;1;120,0;90,0;420000;4666,666666666667;1;1;0;0;USADO
JA1526;VENDIDO;APTO;14;2;1;600,0;90,0;455000;5055,555555555556;0;1;1;1;NOVO
JA1374;VENDIDO;CASA;17;2;1;240,0;87,0;475000;5459,770114942528;0;1;0;0;NOVO
JA1239;VENDIDO;CASA;14;3;1;240,0;100,0;420000;4200,0;0;0;0;0;USADO
SB180;VENDIDO;CASA;1;2;1;240,0;100,0;390000;3900,0;0;1;0;0;USADO
IN070;VENDIDO;CASA;10;3;1;220,0;90,0;395000;4388,888888888889;0;1;0;0;NOVO
JA1410;VENDIDO;CASA;17;2;1;480,0;100,0;425000;4250,0;0;1;0;0;NOVO
JA1161;VENDIDO;CASA;14;3;1;300,0;120,0;520000;4333,333333333333;0;1;0;0;NOVO
JA1442;VENDIDO;CASA;17;2;1;240,0;80,0;570000;7125,0;0;1;0;0;USADO
JA1588;VENDIDO;DUPLEX;17;2;2;150,0;80,0;429000;5362,5;0;1;0;0;NOVO
JA1616;VENDIDO;DUPLEX;17;2;2;160,0;100,0;429000;4290,0;0;0;0;0;NOVO
JA1463;VENDIDO;CASA;17;2;1;240,0;89,0;390000;4382,0224719101125;0;1;0;0;NOVO
IN034;VENDIDO;CASA;10;3;1;250,0;80,0;395000;4937,5;0;1;0;0;NOVO
JA1494;VENDIDO;CASA;14;3;1;300,0;102,0;675000;6617,64705882353;0;1;0;0;NOVO
JA1596;VENDIDO;CASA;17;3;1;240,0;100,0;550000;5500,0;0;1;0;0;NOVO
JA1114;VENDIDO;CASA;4;3;1;240,0;120,0;430000;3583,3333333333335;0;1;0;0;NOVO
JA1260;VENDIDO;CASA;4;3;1;240,0;100,0;430000;4300,0;0;1;0;0;NOVO
JA1033;VENDIDO;CASA;4;3;1;480,0;100,0;430000;4300,0;0;1;0;0;NOVO
REC012;VENDIDO;CASA;34;4;1;230,0;110,0;425000;3863,6363636363635;1;1;0;0;USADO
JA1516;VENDIDO;CASA;4;2;1;240,0;100,0;530000;5300,0;0;1;0;0;NOVO
JA1066;VENDIDO;CASA;4;3;1;480,0;100,0;430000;4300,0;0;1;0;0;NOVO
JA1326;VENDIDO;CASA;17;2;1;480,0;85,0;430000;5058,823529411765;0;1;0;0;NOVO
JA1345;VENDIDO;CASA;4;2;1;240,0;80,0;430000;5375,0;0;1;1;0;NOVO
JA1339;VENDIDO;CASA;17;2;1;480,0;100,0;430000;4300,0;0;0;0;1;NOVO
JA1174;VENDIDO;CASA;4;3;1;480,0;100,0;435000;4350,0;0;0;0;0;NOVO
PC032;VENDIDO;CASA;4;2;1;220,0;86,0;395000;4593,023255813953;1;1;1;0;NOVO
SB240;VENDIDO;CASA;1;2;1;249,0;249,0;395000;1586,3453815261043;0;1;0;0;USADO
JA1070;VENDIDO;CASA;17;2;1;240,0;249,0;435000;1746,987951807229;0;1;0;0;NOVO
SB171;VENDIDO;CASA;1;2;2;240,0;600,0;395000;658,3333333333334;0;0;0;0;NOVO
JA1182;VENDIDO;CASA;17;2;1;480,0;120,0;435000;3625,0;0;0;0;0;NOVO
JA1414;VENDIDO;DUPLEX;14;2;1;150,0;120,0;439000;3658,3333333333335;0;1;0;0;NOVO
JA1482;VENDIDO;CASA;17;3;1;240,0;100,0;619000;6190,0;0;1;0;1;NOVO
SB187;VENDIDO;CASA;28;2;1;240,0;70,0;395000;5642,857142857143;0;0;0;0;NOVO
JA1483;VENDIDO;CASA;4;3;1;480,0;130,0;719000;5530,7692307692305;0;1;0;1;NOVO
JA1069;VENDIDO;CASA;17;2;1;240,0;100,0;440000;4400,0;0;1;0;0;NOVO
JA1375;VENDIDO;DUPLEX;14;2;2;150,0;80,0;440000;5500,0;0;1;0;0;NOVO
JA1409;VENDIDO;CASA;17;2;1;225,0;100,0;499000;4990,0;0;1;0;0;NOVO
CAX009;VENDIDO;CASA;15;2;1;216,0;80,0;395000;4937,5;0;0;1;0;NOVO
CAX010;VENDIDO;CASA;15;2;1;216,0;90,0;395000;4388,888888888889;0;1;1;0;NOVO
SB206;VENDIDO;CASA;1;2;1;250,0;90,0;460000;5111,111111111111;0;1;0;1;NOVO
IN097;DISPONÍVEL;CASA;10;2;0;249,0;249,0;395000;1586,3453815261043;0;1;0;0;USADO
JA1456;DISPONÍVEL;CASA;17;2;1;80,0;480,0;400000;833,3333333333334;0;0;0;0;NOVO
SB227;VENDIDO;CASA;1;3;1;240,0;100,0;684000;6840,0;1;1;0;0;NOVO
JA1222;VENDIDO;CASA;17;2;1;240,0;76,0;450000;5921,0526315789475;0;1;0;0;NOVO
JA1496;VENDIDO;CASA;17;3;1;550,0;300,0;450000;1500,0;0;1;0;0;USADO
JA1398;VENDIDO;CASA;17;3;1;480,0;100,0;450000;4500,0;0;1;0;0;NOVO
JA1060;VENDIDO;CASA;4;3;1;480,0;100,0;450000;4500,0;0;1;0;0;NOVO
JA982;VENDIDO;CASA;4;3;1;240,0;100,0;450000;4500,0;0;1;0;0;NOVO
JA1128;VENDIDO;CASA;4;3;1;240,0;110,0;450000;4090,909090909091;0;1;0;0;NOVO
JA1166;VENDIDO;CASA;4;3;1;480,0;110,0;450000;4090,909090909091;0;0;0;0;NOVO
JA1151;VENDIDO;CASA;4;3;1;480,0;130,0;450000;3461,5384615384614;1;1;0;0;USADO
JA1380;VENDIDO;CASA;17;2;1;240,0;90,0;450000;5000,0;1;1;0;0;USADO
JA1023;VENDIDO;CASA;4;2;1;480,0;90,0;450000;5000,0;0;1;0;0;NOVO
JA1287;VENDIDO;CASA;17;2;1;240,0;90,0;450000;5000,0;0;1;0;0;NOVO
JA1202;VENDIDO;CASA;4;2;1;240,0;100,0;450000;4500,0;0;1;0;0;NOVO
JA1278;VENDIDO;CASA;4;2;1;240,0;75,0;475000;6333,333333333333;0;1;0;0;NOVO
JA1439;VENDIDO;DUPLEX;4;3;1;240,0;100,0;515000;5150,0;0;1;0;1;NOVO
JA1614;VENDIDO;DUPLEX;4;3;2;220,0;100,0;515000;5150,0;0;1;0;0;NOVO
JA1581;VENDIDO;CASA;4;2;1;240,0;90,0;450000;5000,0;0;1;0;0;NOVO
SB167;VENDIDO;CASA;1;2;1;240,0;100,0;410000;4100,0;0;1;0;0;NOVO
JA2125;VENDIDO;CASA;4;2;1;240,0;76,0;410000;5394,736842105263;0;1;0;0;NOVO
JA1108;VENDIDO;DUPLEX;17;3;2;240,0;120,0;578000;4816,666666666667;1;1;0;0;NOVO
SB147;VENDIDO;CASA;1;2;1;240,0;77,0;410000;5324,675324675325;0;1;0;0;NOVO
JA1249;VENDIDO;CASA;4;3;1;240,0;100,0;455000;4550,0;0;1;0;0;NOVO
JA1457;VENDIDO;CASA;4;2;1;240,0;100,0;455000;4550,0;1;1;0;0;USADO
CAJ013;VENDIDO;CASA;2;3;1;500,0;120,0;750000;6250,0;0;1;0;0;NOVO
JA1282;VENDIDO;CASA;4;2;1;240,0;90,0;455000;5055,555555555556;0;1;0;0;NOVO
JA1315;VENDIDO;CASA;4;3;1;225,0;100,0;459000;4590,0;0;0;0;0;NOVO
JA1261;VENDIDO;CASA;4;3;1;240,0;100,0;459000;4590,0;0;1;0;0;NOVO
JA1279;VENDIDO;CASA;4;2;1;240,0;90,0;460000;5111,111111111111;0;1;0;0;NOVO
BAR058;VENDIDO;CASA;28;2;1;216,0;70,0;420000;6000,0;0;0;0;0;NOVO
SB154;VENDIDO;CASA;1;2;1;250,0;80,0;420000;5250,0;0;1;0;0;NOVO
PC031;VENDIDO;CASA;46;3;1;450,0;100,0;420000;4200,0;0;1;1;0;NOVO
SB143;VENDIDO;CASA;1;3;1;240,0;110,0;420000;3818,181818181818;0;1;1;0;NOVO
JA1412;VENDIDO;CASA;4;2;1;240,0;80,0;460000;5750,0;0;1;0;0;NOVO
JA1349;VENDIDO;CASA;17;3;1;480,0;120,0;460000;3833,3333333333335;0;1;0;0;USADO
IN037;VENDIDO;CASA;3;2;1;500,0;80,0;420000;5250,0;0;0;0;0;NOVO
JA1243;VENDIDO;CASA;17;3;1;240,0;100,0;460000;4600,0;0;0;0;0;NOVO
TER059;DISPONÍVEL;TERRENO MULTIFAMILIAR;14;0;0;600,0;0,0;350000;0,0;0;0;0;0;NOVO
SB184;VENDIDO;CASA;1;2;1;240,0;100,0;420000;4200,0;0;1;0;0;NOVO
SB186;VENDIDO;CASA;1;2;1;240,0;100,0;420000;4200,0;0;1;0;0;NOVO
JA2126;VENDIDO;CASA;1;2;1;240,0;80,0;420000;5250,0;0;1;0;0;USADO
JA1341;VENDIDO;CASA;4;2;1;225,0;120,0;460000;3833,3333333333335;1;1;0;0;USADO
JA1592;VENDIDO;DUPLEX;4;2;2;150,0;100,0;460000;4600,0;0;1;0;0;NOVO
JA1049;VENDIDO;DUPLEX;4;3;1;240,0;120,0;578000;4816,666666666667;0;1;0;0;NOVO
JA1415;VENDIDO;CASA;4;2;1;240,0;100,0;585000;5850,0;0;1;0;0;NOVO
SJ085;VENDIDO;CASA;29;3;1;360,0;110,0;456000;4145,454545454545;1;1;1;1;NOVO
JA1992;DISPONÍVEL;CASA;4;2;1;66,67;219,99;400000;1818,2644665666621;0;0;0;0;NOVO
JA1259;VENDIDO;CASA;4;3;1;240,0;100,0;470000;4700,0;0;1;0;0;NOVO
JA1401;VENDIDO;CASA;17;3;1;480,0;140,0;470000;3357,1428571428573;1;1;0;0;NOVO
SB205;VENDIDO;CASA;1;2;1;240,0;110,0;420000;3818,181818181818;1;1;0;0;USADO
SB230;VENDIDO;CASA;1;2;1;240,0;80,0;420000;5250,0;0;1;0;0;NOVO
JA979;VENDIDO;CASA;4;3;1;480,0;120,0;470000;3916,6666666666665;0;1;0;0;NOVO
JA965;VENDIDO;CASA;4;3;1;240,0;100,0;470000;4700,0;0;1;0;0;NOVO
BAR074;DISPONÍVEL;CASA;28;2;1;250,0;85,0;400000;4705,882352941177;1;0;0;0;USADO
ITB016;VENDIDO;DUPLEX;19;2;1;120,0;70,0;299000;4271,428571428572;0;0;0;0;NOVO
JA965;VENDIDO;CASA;4;3;1;240,0;100,0;470000;4700,0;0;1;0;0;NOVO
JA927;VENDIDO;CASA;4;3;1;480,0;120,0;470000;3916,6666666666665;0;1;0;0;NOVO
SJ117;DISPONÍVEL;DUPLEX;19;2;1;120,0;70,0;300000;4285,714285714285;0;0;0;0;NOVO
JA1055;VENDIDO;CASA;17;3;1;240,0;100,0;470000;4700,0;0;1;0;0;NOVO
JA1355;VENDIDO;CASA;4;2;1;240,0;100,0;470000;4700,0;1;1;0;0;USADO
BAR050;VENDIDO;CASA;28;2;1;240,0;90,0;469000;5211,111111111111;0;1;0;0;NOVO
JA1181;VENDIDO;CASA;17;2;1;240,0;90,0;470000;5222,222222222223;0;1;0;0;NOVO
JA1378;VENDIDO;CASA;17;3;1;480,0;130,0;746000;5738,461538461538;0;1;0;1;NOVO
JA1400;VENDIDO;CASA;17;3;1;480,0;160,0;746000;4662,5;1;1;0;0;NOVO
JA1444;VENDIDO;CASA;17;2;1;120,0;70,0;340000;4857,142857142857;0;0;0;0;NOVO
JA1116;VENDIDO;CASA;4;3;1;480,0;100,0;475000;4750,0;0;0;0;0;NOVO
JA946;VENDIDO;CASA;4;3;1;300,0;103,0;475000;4611,650485436893;0;0;0;0;USADO
SJ100;VENDIDO;CASA;25;2;1;160,0;82,0;325000;3963,4146341463415;0;1;0;0;NOVO
JA1245;VENDIDO;DUPLEX;17;2;1;100,0;65,0;475000;7307,692307692308;0;1;1;0;NOVO
CAX007;VENDIDO;CASA;47;3;1;240,0;96,0;470000;4895,833333333333;1;1;1;0;NOVO
IN076;VENDIDO;CASA;49;2;1;360,0;100,0;470000;4700,0;0;1;1;0;NOVO
IV039;VENDIDO;CASA;31;2;1;360,0;100,0;470000;4700,0;0;1;1;0;NOVO
CV042;VENDIDO;CASA;35;2;1;240,0;80,0;470000;5875,0;0;1;0;0;NOVO
CV045;VENDIDO;CASA;35;2;1;266,0;100,0;470000;4700,0;0;1;1;0;NOVO
JA1351;VENDIDO;CASA;17;3;1;240,0;100,0;478000;4780,0;0;1;0;0;NOVO
JA1579;VENDIDO;CASA;17;3;1;480,0;130,0;480000;3692,3076923076924;0;1;0;0;USADO
JA1229;VENDIDO;CASA;4;3;1;240,0;130,0;580000;4461,538461538462;1;1;0;0;NOVO
JA1566;VENDIDO;CASA;17;3;1;480,0;120,0;480000;4000,0;1;1;0;0;NOVO
JA1467;DISPONÍVEL;CASA;17;2;1;220,0;80,0;420000;5250,0;0;1;0;0;NOVO
JA1402;VENDIDO;CASA;4;3;1;240,0;110,0;480000;4363,636363636364;0;1;0;0;NOVO
CAX002;VENDIDO;CASA;47;2;1;216,0;97,0;475000;4896,907216494846;1;1;1;0;NOVO
JA1340;VENDIDO;CASA;4;6;6;480,0;150,0;480000;3200,0;1;1;0;0;USADO
JA980;VENDIDO;CASA;4;3;1;480,0;120,0;480000;4000,0;0;1;0;0;NOVO
JA1043;VENDIDO;CASA;14;3;1;240,0;120,0;480000;4000,0;0;1;0;0;NOVO
SB213;VENDIDO;CASA;1;2;1;220,0;100,0;405000;4050,0;0;0;0;0;NOVO
JA1043;VENDIDO;CASA;14;3;1;250,0;110,0;480000;4363,636363636364;0;1;0;0;NOVO
CAX006;VENDIDO;CASA;47;3;1;240,0;96,0;479000;4989,583333333333;1;1;1;0;NOVO
JA1336;VENDIDO;CASA;4;2;1;240,0;90,0;425000;4722,222222222223;0;1;0;0;NOVO
JA1435;VENDIDO;CASA;17;2;1;240,0;100,0;480000;4800,0;0;1;0;0;NOVO
JA1325;VENDIDO;CASA;4;2;1;240,0;80,0;425000;5312,5;0;1;0;0;NOVO
JA1379;VENDIDO;CASA;4;2;1;240,0;100,0;480000;4800,0;0;1;0;1;NOVO
JA992;VENDIDO;CASA;4;3;1;240,0;100,0;480000;4800,0;0;1;0;0;NOVO
IV037;VENDIDO;CASA;41;3;1;360,0;100,0;430000;4300,0;0;0;0;0;USADO
SB220;VENDIDO;DUPLEX;1;3;1;220,0;100,0;475000;4750,0;0;1;0;0;NOVO
BAR063;VENDIDO;DUPLEX;28;2;2;240,0;80,0;475000;5937,5;0;1;0;0;NOVO
JA1154;VENDIDO;CASA;14;2;1;300,0;90,0;480000;5333,333333333333;1;1;0;0;USADO
TER056;DISPONÍVEL;TERRENO UNIFAMILIAR;2;0;0;400,0;0,0;150000;0,0;0;0;0;0;NOVO
JA1489;DISPONÍVEL;CASA;17;2;1;240,0;80,0;420000;5250,0;0;0;0;0;NOVO
IN095;DISPONÍVEL;CASA;10;2;1;260,0;67,99;400000;5883,218120311811;0;0;0;0;NOVO
JA1592;VENDIDO;DUPLEX;4;2;2;150,0;100,0;480000;4800,0;0;1;0;0;NOVO
SB172;VENDIDO;CASA;1;3;1;240,0;120,0;440000;3666,6666666666665;0;1;0;0;NOVO
JA1417;VENDIDO;CASA;17;2;1;240,0;80,0;485000;6062,5;1;1;0;0;NOVO
SJ115;VENDIDO;DUPLEX;50;2;1;90,0;70,0;319000;4557,142857142857;0;0;0;0;NOVO
JA1055;VENDIDO;CASA;17;3;1;240,0;110,0;487000;4427,272727272727;0;1;0;0;NOVO
JA1029;VENDIDO;CASA;4;3;1;240,0;100,0;490000;4900,0;0;1;0;0;NOVO
JA1003;VENDIDO;CASA;4;3;1;480,0;90,0;490000;5444,444444444444;0;1;0;0;NOVO
JA1465 ;VENDIDO;CASA;17;3;1;240,0;120,0;490000;4083,3333333333335;1;1;0;0;USADO
SB174;VENDIDO;CASA;1;3;1;240,0;100,0;489000;4890,0;0;1;0;0;NOVO
JAC034;DISPONÍVEL;CASA;51;2;0;360,0;100,0;420000;4200,0;0;1;0;0;NOVO
BAR059;VENDIDO;CASA;28;3;1;250,0;91,0;490000;5384,615384615385;0;1;0;0;NOVO
SB152;VENDIDO;CASA;1;3;1;240,0;100,0;490000;4900,0;0;1;0;0;NOVO
JA1562;DISPONÍVEL;CASA;17;2;0;300,0;80,0;430000;5375,0;0;1;0;0;USADO
JA1550;VENDIDO;CASA;17;3;1;240,0;100,0;495000;4950,0;0;1;0;0;NOVO
IN058;VENDIDO;DUPLEX;27;2;1;900,0;520,0;490000;942,3076923076923;0;1;0;0;USADO
IN082;VENDIDO;CASA;49;2;1;360,0;100,0;490000;4900,0;0;1;1;0;NOVO
JA1350;VENDIDO;CASA;17;3;1;240,0;100,0;495000;4950,0;0;1;0;0;NOVO
SB222;VENDIDO;CASA;1;2;1;240,0;70,0;440000;6285,714285714285;0;1;0;0;NOVO
IV013;VENDIDO;DUPLEX;13;2;0;100,0;70,0;240000;3428,5714285714284;0;1;1;0;NOVO
JA1124;VENDIDO;CASA;4;3;1;700,0;150,0;495000;3300,0;0;1;0;0;USADO
IN071;VENDIDO;CASA;10;2;1;250,0;90,0;440000;4888,888888888889;0;0;0;1;NOVO
JA1036;VENDIDO;CASA;17;2;1;240,0;120,0;495000;4125,0;1;1;0;0;NOVO
JA994;VENDIDO;CASA;17;2;1;240,0;100,0;495000;4950,0;1;1;0;0;NOVO
JA1176;VENDIDO;CASA;17;2;1;240,0;100,0;495000;4950,0;0;1;0;0;NOVO
JA1104;VENDIDO;CASA;17;3;1;480,0;150,0;495000;3300,0;0;1;0;0;NOVO
SB161;VENDIDO;CASA;1;2;1;250,0;90,0;450000;5000,0;0;1;0;0;NOVO
JA1109;VENDIDO;CASA;17;3;1;480,0;120,0;495000;4125,0;0;1;0;0;NOVO
JA1224;VENDIDO;DUPLEX;4;3;1;105,0;150,0;495000;3300,0;0;1;0;1;NOVO
SB169;VENDIDO;CASA;1;3;1;250,0;120,0;450000;3750,0;0;1;0;0;USADO
JA1504;VENDIDO;CASA;4;3;1;240,0;100,0;498000;4980,0;0;1;0;1;NOVO
JA1146;VENDIDO;CASA;4;3;1;480,0;80,0;498000;6225,0;0;1;0;0;NOVO
JA1248;VENDIDO;CASA;17;3;1;480,0;120,0;499000;4158,333333333333;1;1;0;0;NOVO
JA1438;VENDIDO;CASA;4;3;1;240,0;105,0;499000;4752,380952380952;0;1;0;0;NOVO
SB202;VENDIDO;CASA;1;3;1;240,0;110,0;498000;4527,272727272727;0;1;0;0;NOVO
JA1004;VENDIDO;CASA;4;3;1;480,0;90,0;499000;5544,444444444444;0;1;0;0;NOVO
JA1028;VENDIDO;DUPLEX;14;3;1;250,0;140,0;499000;3564,285714285714;0;1;0;0;NOVO
JA1058;VENDIDO;DUPLEX;14;3;1;240,0;120,0;499000;4158,333333333333;0;1;0;0;NOVO
SB160;VENDIDO;CASA;1;3;1;240,0;100,0;450000;4500,0;0;1;0;0;NOVO
JA1475;VENDIDO;CASA;4;3;1;240,0;100,0;499000;4990,0;0;1;0;1;NOVO
SB177;VENDIDO;CASA;1;3;1;240,0;120,0;450000;3750,0;0;1;0;0;NOVO
JA1459;VENDIDO;CASA;2;2;1;220,0;90,0;499000;5544,444444444444;1;1;1;0;USADO
JA1250;VENDIDO;APTO;4;2;0;440,0;60,0;260000;4333,333333333333;0;0;0;0;USADO
JA1533;VENDIDO;CASA;17;2;2;225,0;150,0;499000;3326,6666666666665;0;1;0;0;USADO
IN083;VENDIDO;CASA;3;2;1;486,0;79,0;425000;5379,7468354430375;0;1;0;0;NOVO
REC001;VENDIDO;DUPLEX;34;3;1;240,0;120,0;450000;3750,0;1;1;0;0;USADO
SB218;VENDIDO;CASA;1;2;1;240,0;87,0;450000;5172,413793103448;0;1;0;0;NOVO
CV046;VENDIDO;CASA;35;2;1;220,0;100,0;450000;4500,0;1;1;1;0;USADO
JA1389;VENDIDO;CASA;17;2;1;480,0;74,0;440000;5945,945945945946;0;1;0;0;NOVO
JA1035;VENDIDO;CASA;4;3;1;480,0;100,0;500000;5000,0;0;1;0;0;NOVO
BAR060;VENDIDO;CASA;28;2;2;240,0;117,0;450000;3846,153846153846;0;1;0;0;NOVO
IN066;VENDIDO;CASA;10;2;1;120,0;216,0;450000;2083,3333333333335;0;1;0;1;NOVO
CAJ003;VENDIDO;CASA;2;2;1;220,0;120,0;450000;3750,0;1;1;1;0;NOVO
SB159;VENDIDO;CASA;1;2;1;240,0;80,0;450000;5625,0;0;0;0;0;NOVO
SB166;VENDIDO;CASA;1;2;1;240,0;100,0;450000;4500,0;0;1;0;0;NOVO
JA1078;VENDIDO;CASA;4;3;1;240,0;100,0;500000;5000,0;1;1;0;0;NOVO
JA1305;VENDIDO;CASA;14;3;1;600,0;250,0;500000;2000,0;1;1;0;0;USADO
SB209;VENDIDO;CASA;1;2;1;240,0;100,0;450000;4500,0;0;1;0;0;USADO
JA1273;VENDIDO;CASA;4;3;1;480,0;130,0;500000;3846,153846153846;1;1;0;0;NOVO
JA1314;VENDIDO;CASA;17;3;1;480,0;127,0;500000;3937,0078740157483;0;1;0;0;NOVO
JA1988;VENDIDO;CASA;4;3;3;360,0;147,0;450000;3061,2244897959185;1;1;0;0;USADO
JA1996;DISPONÍVEL;CASA;14;2;1;225,0;100,0;450000;4500,0;1;1;0;0;USADO
IN001;VENDIDO;APTO;10;1;0;48,0;48,0;135000;2812,5;0;0;1;0;NOVO
JA1531;VENDIDO;CASA;17;3;3;225,0;100,0;500000;5000,0;0;1;0;1;NOVO
JA1980;DISPONÍVEL;CASA;4;2;1;240,0;110,0;470000;4272,727272727273;0;0;0;0;NOVO
CAJ001;VENDIDO;CASA;2;2;1;220,0;80,0;450000;5625,0;1;1;1;0;USADO
JA1117;VENDIDO;CASA;17;3;1;480,0;100,0;505000;5050,0;0;0;0;0;NOVO
JA1118;VENDIDO;CASA;17;3;1;480,0;100,0;505000;5050,0;0;0;0;0;NOVO
SB226;VENDIDO;CASA;14;3;1;240,0;120,0;590000;4916,666666666667;1;1;0;1;NOVO
CAX011;VENDIDO;CASA;15;2;1;216,0;90,0;380000;4222,222222222223;0;0;1;0;NOVO
TER025;VENDIDO;TERRENO UNIFAMILIAR;17;0;0;480,0;0,0;130000;0,0;0;0;0;0;NOVO
JA1079;VENDIDO;CASA;4;3;1;240,0;100,0;510000;5100,0;0;1;0;0;NOVO
BAR003;VENDIDO;DUPLEX;28;3;1;220,0;120,0;330000;2750,0;0;1;1;0;USADO
JA1027;VENDIDO;CASA;17;2;1;240,0;120,0;510000;4250,0;0;1;0;0;USADO
JA1074;VENDIDO;CASA;17;2;1;240,0;118,0;510000;4322,033898305085;1;1;0;0;NOVO
BAR055;VENDIDO;DUPLEX;28;2;1;1000,0;78,0;345000;4423,076923076923;1;1;1;0;NOVO
SB168;VENDIDO;CASA;1;3;1;240,0;120,0;460000;3833,3333333333335;0;1;0;0;NOVO
JA985;VENDIDO;CASA;4;3;1;300,0;130,0;515000;3961,5384615384614;0;1;0;0;NOVO
IN039;VENDIDO;DUPLEX;10;4;1;280,0;144,0;460000;3194,4444444444443;0;1;1;0;USADO
BAR038;VENDIDO;DUPLEX;28;2;1;130,0;70,0;360000;5142,857142857143;0;1;1;0;NOVO
SB199;VENDIDO;CASA;1;2;1;240,0;100,0;460000;4600,0;0;1;0;1;NOVO
JA1087;VENDIDO;CASA;14;2;1;250,0;80,0;515000;6437,5;0;0;0;0;NOVO
TER026;VENDIDO;TERRENO UNIFAMILIAR;52;0;0;800,0;0,0;500000;0,0;0;0;0;0;NOVO
ALPHA015;DISPONÍVEL;CASA;12;3;1;360,0;150,0;820000;5466,666666666667;0;1;1;1;NOVO
JA1256;VENDIDO;CASA;17;2;1;480,0;90,0;410000;4555,555555555556;0;1;0;0;NOVO
JA1433;VENDIDO;CASA;17;3;1;480,0;100,0;518000;5180,0;0;0;0;0;NOVO
JA1617;DISPONÍVEL;CASA;4;2;1;240,0;100,0;470000;4700,0;0;0;0;0;NOVO
IN089;DISPONÍVEL;CASA;3;2;1;480,0;80,0;480000;6000,0;0;1;0;0;NOVO
CAX013;DISPONÍVEL;CASA;15;3;1;216,0;100,0;480000;4800,0;0;1;1;0;NOVO
JA1546;VENDIDO;CASA;4;3;1;225,0;110,0;520000;4727,272727272727;0;1;0;0;NOVO
BAR055;VENDIDO;DUPLEX;28;2;1;170,0;80,0;335000;4187,5;0;1;1;0;NOVO
SJ099;VENDIDO;CASA;38;3;1;300,0;180,0;529000;2938,8888888888887;1;1;0;1;NOVO
JA1234;VENDIDO;CASA;4;3;1;480,0;90,0;520000;5777,777777777777;0;1;0;0;NOVO
JA1173;VENDIDO;CASA;17;2;1;440,0;100,0;430000;4300,0;0;1;0;0;NOVO
JA1382;VENDIDO;CASA;17;3;1;480,0;100,0;520000;5200,0;0;1;0;0;USADO
JA1247;VENDIDO;CASA;17;3;1;440,0;120,0;520000;4333,333333333333;0;1;0;0;NOVO
JA1025;VENDIDO;CASA;4;3;1;480,0;120,0;520000;4333,333333333333;0;1;0;0;NOVO
IN053 ;VENDIDO;CASA;23;2;1;450,0;90,0;480000;5333,333333333333;0;1;1;0;NOVO
JA880;VENDIDO;DUPLEX;4;5;5;240,0;150,0;520000;3466,6666666666665;0;1;0;0;NOVO
JA1976;VENDIDO;CASA;17;3;1;240,0;100,0;525000;5250,0;1;1;0;1;NOVO
JA1397;VENDIDO;CASA;4;3;1;300,0;120,0;525000;4375,0;0;1;0;0;NOVO
JA1139;VENDIDO;CASA;4;3;1;240,0;110,0;525000;4772,727272727273;0;1;0;0;NOVO
JA1589;DISPONÍVEL;CASA;17;3;1;250,0;100,0;480000;4800,0;0;0;0;0;NOVO
SB221;DISPONÍVEL;CASA;17;2;1;240,0;100,0;480000;4800,0;0;1;0;0;NOVO
SB241;VENDIDO;CASA;1;2;1;240,0;240,0;480000;2000,0;0;0;0;0;NOVO
JA1373;VENDIDO;CASA;17;3;1;220,0;90,0;530000;5888,888888888889;0;1;0;1;NOVO
SJ096;VENDIDO;CASA;53;2;1;240,0;110,0;380000;3454,5454545454545;0;1;0;0;USADO
JA1144;VENDIDO;DUPLEX;4;3;2;240,0;115,0;530000;4608,695652173913;0;1;0;0;NOVO
JÁ1585;DISPONÍVEL;DUPLEX;4;2;1;120,0;70,0;340000;4857,142857142857;0;1;0;0;NOVO
SB195;VENDIDO;DUPLEX;1;2;2;120,0;80,0;330000;4125,0;0;1;0;0;NOVO
JA1144;VENDIDO;DUPLEX;17;3;2;240,0;125,0;530000;4240,0;0;1;0;0;NOVO
SJ093;VENDIDO;CASA;8;2;1;230,0;80,0;330000;4125,0;0;0;0;0;NOVO
JA1105;VENDIDO;CASA;17;3;2;480,0;120,0;530000;4416,666666666667;0;1;0;0;NOVO
JA1148;VENDIDO;CASA;17;3;2;480,0;115,0;530000;4608,695652173913;0;1;0;0;NOVO
JA1086;VENDIDO;CASA;4;3;1;240,0;120,0;530000;4416,666666666667;0;1;0;0;NOVO
SB151;VENDIDO;DUPLEX;1;3;2;240,0;130,0;539000;4146,153846153846;0;1;0;0;NOVO
JA1180;VENDIDO;CASA;17;3;1;240,0;90,0;530000;5888,888888888889;0;1;0;0;NOVO
SJ084;VENDIDO;CASA;29;3;1;360,0;120,0;495000;4125,0;1;1;1;0;NOVO
JA1171;VENDIDO;CASA;14;3;1;240,0;120,0;530000;4416,666666666667;0;1;0;0;NOVO
JA1205;VENDIDO;DUPLEX;17;2;1;240,0;100,0;530000;5300,0;0;1;0;0;NOVO
JA1020;VENDIDO;CASA;17;3;1;480,0;120,0;530000;4416,666666666667;0;1;0;0;NOVO
JA1390;VENDIDO;CASA;17;2;1;440,0;86,0;440000;5116,279069767442;0;1;0;0;NOVO
JA1431;VENDIDO;CASA;4;2;1;240,0;100,0;535000;5350,0;1;1;0;1;NOVO
IN056;VENDIDO;CASA;49;3;1;440,0;120,0;545000;4541,666666666667;0;1;1;0;USADO
SB130;VENDIDO;DUPLEX;1;3;1;270,0;120,0;549000;4575,0;0;1;0;0;NOVO
JA1453;VENDIDO;CASA;17;3;1;240,0;103,0;535000;5194,174757281553;0;1;0;0;NOVO
JA1408;VENDIDO;CASA;17;2;1;240,0;110,0;520000;4727,272727272727;0;1;0;1;NOVO
BAR049;VENDIDO;CASA;28;2;2;240,0;120,0;495000;4125,0;0;1;0;0;NOVO
JA1040;VENDIDO;CASA;17;3;1;220,0;100,0;540000;5400,0;0;1;0;0;NOVO
JA1021;VENDIDO;CASA;4;3;1;480,0;110,0;540000;4909,090909090909;0;1;0;0;NOVO
JA1570;DISPONÍVEL;CASA;17;2;1;80,0;480,0;480000;1000,0;0;1;0;0;NOVO
SB173;VENDIDO;CASA;1;2;1;240,0;80,0;330000;4125,0;0;0;0;0;NOVO
JA547;VENDIDO;CASA;4;3;1;270,0;120,0;545000;4541,666666666667;0;1;0;0;NOVO
JA1082;VENDIDO;CASA;4;3;2;300,0;120,0;545000;4541,666666666667;0;1;0;1;NOVO
SB214;VENDIDO;CASA;1;3;1;240,0;80,0;496600;6207,5;0;1;0;0;NOVO
SB214;VENDIDO;CASA;17;3;1;240,0;120,0;496600;4138,333333333333;0;1;0;1;NOVO
SB191;VENDIDO;CASA;1;3;1;240,0;110,0;499000;4536,363636363636;0;1;0;0;NOVO
JA1292;VENDIDO;CASA;4;3;1;480,0;100,0;545000;5450,0;0;1;0;0;NOVO
IN077;VENDIDO;CASA;3;3;1;360,0;110,0;499000;4536,363636363636;0;1;1;1;NOVO
SB207;VENDIDO;CASA;1;4;0;480,0;220,0;499000;2268,181818181818;1;1;0;0;USADO
JA1088;VENDIDO;CASA;14;3;1;300,0;120,0;549000;4575,0;1;1;0;0;NOVO
SB223;VENDIDO;CASA;1;3;1;480,0;150,0;590000;3933,3333333333335;1;1;0;0;USADO
IN086;DISPONÍVEL;CASA;10;3;1;240,0;95,0;490000;5157,894736842105;0;1;0;0;NOVO
SOL007;VENDIDO;CASA;9;3;1;360,0;150,0;800000;5333,333333333333;0;1;1;0;NOVO
JA1532;VENDIDO;CASA;17;3;1;240,0;120,0;550000;4583,333333333333;1;1;0;1;NOVO
JA1076;VENDIDO;CASA;17;3;1;240,0;120,0;550000;4583,333333333333;1;1;0;0;NOVO
JA1113;VENDIDO;CASA;17;3;1;250,0;120,0;550000;4583,333333333333;0;1;0;0;NOVO
JA1405;VENDIDO;CASA;4;3;1;480,0;120,0;550000;4583,333333333333;0;1;0;0;NOVO
JA1392;VENDIDO;CASA;4;3;1;480,0;117,0;550000;4700,854700854701;0;1;0;0;NOVO
JA1294;VENDIDO;CASA;17;3;1;240,0;120,0;550000;4583,333333333333;0;1;0;0;NOVO
JA1399;VENDIDO;CASA;17;3;1;480,0;100,0;550000;5500,0;0;1;0;0;NOVO
JA1074;VENDIDO;CASA;17;3;1;240,0;118,0;550000;4661,016949152542;1;1;0;0;NOVO
CAX008;VENDIDO;CASA;36;3;1;240,0;100,0;500000;5000,0;1;1;1;0;NOVO
JA1170;VENDIDO;CASA;17;3;1;240,0;110,0;550000;5000,0;0;1;0;0;NOVO
JA1445;VENDIDO;CASA;4;3;1;240,0;105,0;550000;5238,0952380952385;0;1;0;0;NOVO
JA1129;VENDIDO;CASA;14;4;1;270,0;140,0;550000;3928,5714285714284;0;1;0;0;NOVO
JA1052;VENDIDO;CASA;4;3;1;480,0;120,0;550000;4583,333333333333;0;1;0;0;NOVO
JA1052;VENDIDO;CASA;4;3;1;480,0;120,0;550000;4583,333333333333;0;1;0;0;NOVO
JA1123;VENDIDO;CASA;17;3;1;480,0;120,0;550000;4583,333333333333;0;1;0;0;NOVO
TER049;DISPONÍVEL;TERRENO COMERCIAL;54;0;0;6168,0;0,0;2000000;0,0;0;0;0;0;NOVO
JA1580;VENDIDO;CASA;4;3;1;240,0;120,0;550000;4583,333333333333;1;1;0;0;NOVO
JA1297;VENDIDO;CASA;4;3;1;480,0;190,0;550000;2894,7368421052633;0;1;0;0;USADO
JA1319;VENDIDO;CASA;17;3;1;480,0;128,0;550000;4296,875;0;1;0;0;NOVO
JA999;VENDIDO;CASA;17;3;1;480,0;120,0;550000;4583,333333333333;0;1;0;0;NOVO
SJ107;VENDIDO;CASA;55;2;1;220,0;90,0;395000;4388,888888888889;0;1;0;0;NOVO
JA1352;VENDIDO;CASA;17;3;1;480,0;120,0;550000;4583,333333333333;1;1;0;0;NOVO
FLA008;VENDIDO;CASA;19;3;1;360,0;118,0;560000;4745,762711864407;1;1;1;0;NOVO
JA1162;VENDIDO;CASA;4;3;1;480,0;120,0;550000;4583,333333333333;0;1;0;0;NOVO
JA1430;VENDIDO;CASA;4;3;1;240,0;100,0;550000;5500,0;1;1;0;0;NOVO
JA1275;VENDIDO;CASA;4;3;1;240,0;113,0;550000;4867,256637168141;0;1;0;0;NOVO
JA1218;VENDIDO;CASA;14;3;1;300,0;113,0;550000;4867,256637168141;0;1;0;0;USADO
JA1083;VENDIDO;CASA;17;3;1;240,0;110,0;550000;5000,0;0;0;0;0;NOVO
JA1111;VENDIDO;DUPLEX;14;2;2;1200,0;110,0;345000;3136,3636363636365;1;1;1;0;NOVO
JA603;VENDIDO;DUPLEX;14;2;2;150,0;100,0;345000;3450,0;1;1;1;0;NOVO
JA1204;VENDIDO;CASA;17;2;1;240,0;120,0;550000;4583,333333333333;0;1;0;0;NOVO
JA1204;VENDIDO;CASA;17;2;1;240,0;120,0;550000;4583,333333333333;0;1;0;0;NOVO
JA1270;VENDIDO;CASA;17;2;1;480,0;130,0;550000;4230,7692307692305;0;1;0;0;USADO
JA1160;VENDIDO;CASA;17;2;1;240,0;110,0;550000;5000,0;1;1;0;0;NOVO
JA1303;VENDIDO;CASA;17;2;1;240,0;120,0;550000;4583,333333333333;1;1;0;1;NOVO
JA1240;VENDIDO;CASA;4;3;1;480,0;120,0;550000;4583,333333333333;0;1;0;0;NOVO
ALPHA027;DISPONÍVEL;CASA;3;3;1;360,0;100,0;820000;8200,0;0;1;1;0;NOVO
CAX018;DISPONÍVEL;CASA;15;3;1;210,0;107,71;490000;4549,2526227834005;0;0;1;0;NOVO
JA1606;VENDIDO;CASA;4;3;1;120,0;480,0;560000;1166,6666666666667;0;1;0;0;NOVO
SB133;VENDIDO;CASA;1;3;1;240,0;120,0;520000;4333,333333333333;1;1;0;0;NOVO
CAJ017;DISPONÍVEL;CASA;2;3;1;360,0;140,0;830000;5928,571428571428;1;1;1;1;NOVO
JA1454;DISPONÍVEL;CASA;4;3;1;440,0;120,0;495000;4125,0;0;0;0;0;NOVO
JA1026;VENDIDO;CASA;4;3;1;480,0;120,0;560000;4666,666666666667;0;1;0;0;NOVO
JA1277;VENDIDO;CASA;14;2;1;240,0;114,0;560000;4912,2807017543855;1;1;0;0;NOVO
JA1285;VENDIDO;CASA;17;2;2;440,0;80,0;560000;7000,0;0;1;0;0;NOVO
CAJ018;DISPONÍVEL;CASA;2;3;3;360,0;150,0;850000;5666,666666666667;0;1;1;1;NOVO
JA1513;VENDIDO;CASA;4;2;1;240,0;120,0;560000;4666,666666666667;1;1;0;0;USADO
PIN001;DISPONÍVEL;CASA;36;3;1;360,0;360,0;895000;2486,1111111111113;0;1;1;0;NOVO
FLA013;DISPONÍVEL;CASA;56;3;1;360,0;95,85;499000;5206,051121544079;0;0;0;1;NOVO
IN092;DISPONÍVEL;CASA;57;2;1;360,0;100,0;500000;5000,0;0;1;1;0;NOVO
JA1348;VENDIDO;CASA;17;3;1;480,0;120,0;570000;4750,0;0;1;0;0;USADO
JA1304;VENDIDO;CASA;17;2;1;240,0;120,0;570000;4750,0;1;1;0;1;NOVO
JA960;VENDIDO;DUPLEX;14;2;2;120,0;78,0;345000;4423,076923076923;1;1;1;0;NOVO
JA1522;VENDIDO;CASA;4;3;1;240,0;100,0;570000;5700,0;0;0;0;1;NOVO
JA1527;VENDIDO;CASA;17;2;1;240,0;80,0;500000;6250,0;0;1;0;0;NOVO
SB239;VENDIDO;CASA;1;2;1;240,0;90,0;500000;5555,555555555556;1;1;0;0;NOVO
JA1075;VENDIDO;CASA;17;3;1;480,0;120,0;570000;4750,0;0;1;0;0;NOVO
JA1183;VENDIDO;CASA;17;3;1;480,0;120,0;570000;4750,0;0;1;0;0;NOVO
JA1047;VENDIDO;CASA;16;3;1;480,0;100,0;570000;5700,0;0;1;0;0;NOVO
JA1047;VENDIDO;CASA;14;3;1;480,0;120,0;570000;4750,0;0;1;0;0;NOVO
BAR057;VENDIDO;DUPLEX;28;2;2;150,0;80,0;430000;5375,0;0;0;0;0;NOVO
JA1022;VENDIDO;CASA;14;3;1;360,0;120,0;570000;4750,0;0;1;0;0;USADO
SOL008;DISPONÍVEL;CASA;2;4;3;360,0;150,0;900000;6000,0;1;1;1;1;NOVO
SB224;VENDIDO;CASA;4;2;1;100,0;240,0;500000;2083,3333333333335;0;0;0;0;NOVO
CAJ002;VENDIDO;CASA;2;3;2;220,0;110,0;520000;4727,272727272727;1;1;1;0;USADO
TER041;VENDIDO;TERRENO UNIFAMILIAR;3;0;0;360,0;0,0;120000;0,0;0;0;1;0;NOVO
CAJ007;VENDIDO;CASA;2;3;2;216,0;117,0;520000;4444,444444444444;1;1;1;0;NOVO
REC019;VENDIDO;CASA;34;2;1;240,0;110,0;585000;5318,181818181818;1;1;0;1;NOVO
REC014;VENDIDO;CASA;34;2;1;240,0;114,0;585000;5131,578947368421;1;1;0;1;NOVO
REC016;VENDIDO;CASA;34;2;1;240,0;114,0;585000;5131,578947368421;1;1;0;0;NOVO
JA1300;VENDIDO;CASA;17;3;1;300,0;120,0;570000;4750,0;0;1;0;1;NOVO
RV014;VENDIDO;CASA;43;2;1;360,0;90,0;330000;3666,6666666666665;0;1;0;0;NOVO
JA1037;VENDIDO;CASA;17;3;1;240,0;120,0;465000;3875,0;0;1;0;0;NOVO
CAJ006;VENDIDO;CASA;2;3;2;216,0;117,0;520000;4444,444444444444;1;1;1;0;NOVO
JA1087;VENDIDO;CASA;14;3;1;250,0;120,0;570000;4750,0;0;1;0;1;NOVO
JA1167;VENDIDO;CASA;14;3;1;240,0;110,0;570000;5181,818181818182;0;1;0;1;NOVO
JA1167;VENDIDO;CASA;14;3;1;240,0;110,0;570000;5181,818181818182;0;1;0;1;NOVO
JA1296;VENDIDO;CASA;17;3;1;240,0;100,0;570000;5700,0;0;1;0;0;NOVO
JA1258;VENDIDO;CASA;4;3;1;480,0;120,0;570000;4750,0;0;1;0;0;NOVO
JA1565;DISPONÍVEL;CASA;17;2;1;240,0;100,0;500000;5000,0;0;1;0;0;NOVO
JA1306;VENDIDO;CASA;14;3;1;300,0;150,0;570000;3800,0;1;1;0;0;NOVO
SB234;VENDIDO;CASA;1;2;1;250,0;113,0;550000;4867,256637168141;0;1;0;0;NOVO
JA1032;VENDIDO;CASA;4;4;1;480,0;150,0;575000;3833,3333333333335;0;1;0;0;NOVO
JA1072;VENDIDO;CASA;4;4;1;480,0;140,0;575000;4107,142857142857;0;1;0;0;NOVO
JA1084;VENDIDO;CASA;17;3;1;480,0;100,0;575000;5750,0;0;1;0;0;NOVO
JA1228;VENDIDO;CASA;17;2;1;240,0;90,0;465000;5166,666666666667;0;1;0;0;NOVO
JÁ1585;DISPONÍVEL;DUPLEX;4;2;1;120,0;70,0;350000;5000,0;0;1;0;0;NOVO
JA1080;VENDIDO;CASA;4;3;1;240,0;100,0;495000;4950,0;1;1;0;0;NOVO
CAJ005;VENDIDO;CASA;2;3;2;216,0;117,0;520000;4444,444444444444;1;1;1;0;NOVO
TER051;VENDIDO;TERRENO UNIFAMILIAR;4;0;0;480,0;0,0;160000;0,0;0;0;0;0;NOVO
JÁ1585;DISPONÍVEL;DUPLEX;4;2;1;120,0;70,0;360000;5142,857142857143;0;1;0;0;NOVO
JA1981;VENDIDO;CASA;4;3;1;240,0;110,0;510000;4636,363636363636;0;0;0;0;NOVO
JA1368;VENDIDO;CASA;17;3;1;480,0;126,0;725000;5753,9682539682535;1;1;0;0;NOVO
JA1618;DISPONÍVEL;CASA;17;2;1;480,0;100,0;530000;5300,0;0;0;0;0;NOVO
JA1495;VENDIDO;CASA;17;2;2;230,0;150,0;580000;3866,6666666666665;1;1;0;0;USADO
SB149;VENDIDO;CASA;1;3;1;225,0;150,0;600000;4000,0;1;1;0;0;USADO
JA1507;VENDIDO;CASA;17;2;1;240,0;100,0;580000;5800,0;1;1;0;0;USADO
JA1428;VENDIDO;CASA;17;3;1;440,0;110,0;580000;5272,727272727273;0;1;0;0;NOVO
JA1030;VENDIDO;CASA;14;3;1;300,0;120,0;580000;4833,333333333333;0;1;0;0;NOVO
ALPHA016;DISPONÍVEL;CASA;12;3;1;360,0;150,0;950000;6333,333333333333;0;1;1;0;NOVO
SB237;VENDIDO;CASA;1;3;1;240,0;100,0;600000;6000,0;0;1;0;0;NOVO
JA1015;VENDIDO;CASA;4;3;1;440,0;100,0;580000;5800,0;0;1;0;0;NOVO
JA1395;VENDIDO;CASA;17;3;1;480,0;100,0;580000;5800,0;0;1;0;0;USADO
SOL012;DISPONÍVEL;CASA;2;3;1;360,0;150,0;980000;6533,333333333333;1;1;1;1;NOVO
JA1281;VENDIDO;CASA;17;3;1;225,0;100,0;580000;5800,0;0;1;0;0;NOVO
JA1510;VENDIDO;CASA;17;3;1;240,0;100,0;580000;5800,0;0;1;0;0;USADO
SB229;DISPONÍVEL;CASA;4;2;0;180,0;120,0;520000;4333,333333333333;0;1;0;0;USADO
SB204;VENDIDO;CASA;1;4;1;240,0;110,0;520000;4727,272727272727;0;1;0;0;NOVO
JA1462;VENDIDO;CASA;4;3;1;480,0;150,0;765000;5100,0;1;1;0;1;NOVO
JA1077;VENDIDO;CASA;4;3;1;480,0;120,0;585000;4875,0;0;1;0;0;NOVO
JA1501;VENDIDO;CASA;4;3;1;480,0;135,0;765000;5666,666666666667;1;1;0;1;NOVO
SJ121;VENDIDO;CASA;29;3;1;416,0;110,0;520000;4727,272727272727;0;0;0;0;NOVO
SJ105;VENDIDO;CASA;58;2;1;450,0;187,0;520000;2780,748663101604;1;1;0;0;USADO
IV021;VENDIDO;DUPLEX;13;2;0;150,0;120,0;330000;2750,0;1;1;1;0;USADO
JA1995;DISPONÍVEL;CASA;17;3;1;440,0;100,0;520000;5200,0;0;1;0;0;USADO
JA1119;VENDIDO;CASA;17;3;1;480,0;110,0;590000;5363,636363636364;0;1;0;1;NOVO
SB211;VENDIDO;CASA;1;3;1;240,0;130,0;630000;4846,153846153846;0;1;0;1;NOVO
JA1427;VENDIDO;CASA;4;3;1;240,0;110,0;590000;5363,636363636364;0;1;0;1;NOVO
JA1179;VENDIDO;CASA;17;3;1;480,0;150,0;590000;3933,3333333333335;0;1;0;0;USADO
JA1413;VENDIDO;CASA;17;3;1;440,0;130,0;590000;4538,461538461538;0;1;0;0;NOVO
CAX004;VENDIDO;CASA;47;2;1;216,0;80,0;330000;4125,0;1;1;1;0;NOVO
JA1360;VENDIDO;CASA;17;3;1;480,0;220,0;590000;2681,818181818182;0;1;0;0;USADO
JA1099;VENDIDO;DUPLEX;14;3;1;440,0;200,0;590000;2950,0;0;1;0;0;NOVO
BAR069;VENDIDO;CASA;28;3;1;240,0;100,0;560000;5600,0;0;1;0;0;NOVO
JA1559;VENDIDO;CASA;4;3;2;480,0;135,0;850000;6296,2962962962965;1;1;0;1;NOVO
JA1048;VENDIDO;CASA;14;3;1;480,0;150,0;595000;3966,6666666666665;0;1;0;0;NOVO
SOL011;DISPONÍVEL;CASA;2;4;2;360,0;150,0;990000;6600,0;0;1;1;1;NOVO
JA1065;VENDIDO;CASA;14;3;1;300,0;130,0;595000;4576,923076923077;0;1;0;1;NOVO
JA1143;VENDIDO;CASA;16;4;4;480,0;125,0;595000;4760,0;0;1;0;0;NOVO
JA1048;VENDIDO;CASA;16;4;4;480,0;120,0;595000;4958,333333333333;0;1;0;0;NOVO
JA1436;VENDIDO;CASA;4;2;1;240,0;100,0;595000;5950,0;1;1;0;1;NOVO
JA1529;DISPONÍVEL;CASA;4;3;1;240,0;120,0;530000;4416,666666666667;0;1;0;0;NOVO
JA1500;VENDIDO;CASA;1;3;1;240,0;100,0;598000;5980,0;0;1;0;1;NOVO
JA1500;VENDIDO;CASA;17;3;1;240,0;100,0;598000;5980,0;0;1;0;1;NOVO
JA1461;VENDIDO;CASA;17;3;1;440,0;110,0;599000;5445,454545454545;0;1;1;0;NOVO
CAX017;DISPONÍVEL;CASA;15;3;2;210,0;110,6;530000;4792,043399638336;0;0;1;0;NOVO
JA1506;DISPONÍVEL;CASA;17;2;1;394,1;110,0;799000;7263,636363636364;0;1;0;1;NOVO
SJ109;DISPONÍVEL;CASA;29;3;1;360,0;120,0;550000;4583,333333333333;0;1;1;1;NOVO
JA1496;VENDIDO;CASA;17;3;1;1200,0;300,0;600000;2000,0;0;1;0;0;USADO
IN094;DISPONÍVEL;CASA;10;2;1;360,0;84,0;550000;6547,619047619048;0;1;1;0;NOVO
JA1503;DISPONÍVEL;CASA;4;3;1;480,0;110,0;550000;5000,0;0;0;0;0;NOVO
IN075;VENDIDO;CASA;3;2;0;360,0;80,0;300000;3750,0;0;0;0;0;USADO
JA1502;VENDIDO;CASA;14;2;1;600,0;120,0;620000;5166,666666666667;1;1;0;0;USADO
JA1147;VENDIDO;CASA;14;3;1;300,0;110,0;620000;5636,363636363636;1;1;0;0;NOVO
JA1498;VENDIDO;CASA;17;3;1;440,0;100,0;620000;6200,0;0;1;0;0;NOVO
JA1460 ;VENDIDO;CASA;2;3;1;220,0;110,0;620000;5636,363636363636;1;1;1;0;USADO
JA1316;VENDIDO;CASA;14;2;1;150,0;70,0;350000;5000,0;0;1;0;0;NOVO
JA1333;VENDIDO;CASA;17;3;1;480,0;120,0;625000;5208,333333333333;0;1;0;0;NOVO
SB153;VENDIDO;CASA;1;2;1;240,0;70,0;320000;4571,428571428572;0;0;0;0;NOVO
SB216;VENDIDO;CASA;1;3;1;240,0;100,0;650000;6500,0;0;1;0;0;NOVO
REC015;VENDIDO;CASA;34;2;1;240,0;120,0;530000;4416,666666666667;0;1;0;0;NOVO
JA1514;DISPONÍVEL;CASA;17;5;2;480,0;260,0;850000;3269,230769230769;1;1;0;0;USADO
CAJ019;DISPONÍVEL;CASA;2;3;1;372,0;153,0;1050000;6862,745098039216;0;1;1;0;NOVO
BAR053;VENDIDO;CASA;28;2;1;250,0;80,0;320000;4000,0;0;0;0;0;NOVO
JA1437;VENDIDO;CASA;4;3;1;240,0;100,0;630000;6300,0;1;1;0;1;NOVO
JA1577;VENDIDO;CASA;17;3;1;240,0;240,0;630000;2625,0;1;1;0;0;USADO
JA1254;VENDIDO;CASA;4;3;1;480,0;115,0;630000;5478,260869565217;0;1;0;1;NOVO
JA1298;VENDIDO;CASA;4;3;1;225,0;125,0;630000;5040,0;1;1;0;1;NOVO
SJ106;DISPONÍVEL;CASA;21;3;1;450,0;115,0;550000;4782,608695652174;0;1;0;0;USADO
JA1216;VENDIDO;CASA;14;3;1;300,0;130,0;630000;4846,153846153846;0;1;0;0;NOVO
SB203;VENDIDO;CASA;1;2;1;240,0;70,0;390000;5571,428571428572;0;0;0;0;NOVO
JA1172;VENDIDO;CASA;17;2;1;240,0;200,0;630000;3150,0;1;1;0;0;USADO
JA1235;VENDIDO;CASA;4;3;1;480,0;150,0;635000;4233,333333333333;0;1;0;0;USADO
CV041;VENDIDO;CASA;35;3;1;266,0;120,0;530000;4416,666666666667;0;1;0;1;NOVO
FLA005;VENDIDO;DUPLEX;45;4;1;220,0;600,0;670000;1116,6666666666667;1;1;0;0;USADO
CAX005;VENDIDO;CASA;47;2;1;216,0;80,0;330000;4125,0;1;1;1;0;NOVO
JA1367;VENDIDO;CASA;14;3;1;300,0;160,0;640000;4000,0;1;1;0;0;USADO
SB156;VENDIDO;CASA;1;3;3;240,0;220,0;680000;3090,909090909091;0;1;0;0;NOVO
SB156;VENDIDO;CASA;1;3;3;240,0;200,0;680000;3400,0;0;1;0;0;USADO
JA1429;VENDIDO;CASA;14;3;1;300,0;108,0;645000;5972,222222222223;0;1;0;1;NOVO
JA1031;VENDIDO;CASA;4;2;1;480,0;80,0;420000;5250,0;0;1;0;0;NOVO
JA1520;DISPONÍVEL;CASA;4;3;1;480,0;100,0;780000;7800,0;1;1;0;0;USADO
JA1257;VENDIDO;CASA;17;3;3;440,0;138,0;650000;4710,144927536232;0;1;0;0;NOVO
SB235;VENDIDO;CASA;1;3;1;240,0;100,0;550000;5500,0;0;1;0;0;NOVO
BAR073;VENDIDO;CASA;28;3;1;480,0;90,0;560000;6222,222222222223;0;0;0;0;NOVO
JA1396;DISPONÍVEL;CASA;4;3;1;480,0;100,0;560000;5600,0;0;0;0;0;NOVO
SB190;VENDIDO;CASA;1;3;1;240,0;100,0;530000;5300,0;0;1;0;0;NOVO
JA1131;VENDIDO;CASA;17;3;1;300,0;130,0;650000;5000,0;0;1;0;0;NOVO
JA1132;VENDIDO;CASA;17;3;1;300,0;130,0;650000;5000,0;0;1;0;0;NOVO
JA1263;VENDIDO;CASA;14;3;1;300,0;110,0;650000;5909,090909090909;0;1;0;0;NOVO
JA1236;VENDIDO;CASA;4;3;3;480,0;150,0;650000;4333,333333333333;0;1;0;0;NOVO
JA1073 ;VENDIDO;CASA;14;3;1;300,0;130,0;650000;5000,0;1;1;0;1;NOVO
JA1073 ;VENDIDO;CASA;14;3;1;300,0;130,0;650000;5000,0;1;1;0;1;NOVO
JA1136;VENDIDO;CASA;14;3;1;300,0;120,0;650000;5416,666666666667;1;1;0;1;NOVO
JA1011;VENDIDO;CASA;17;3;1;480,0;140,0;650000;4642,857142857143;1;1;0;1;NOVO
CAJ022;DISPONÍVEL;CASA;2;3;1;360,0;150,0;1050000;7000,0;0;1;1;0;NOVO
BAR066;VENDIDO;CASA;28;2;1;250,0;80,0;460000;5750,0;0;0;0;0;NOVO
JA1334;VENDIDO;CASA;14;3;1;300,0;120,0;650000;5416,666666666667;0;1;0;1;NOVO
JA1271;VENDIDO;CASA;14;3;1;300,0;120,0;650000;5416,666666666667;0;1;0;1;NOVO
CV044;VENDIDO;CASA;35;2;1;266,0;100,0;530000;5300,0;0;1;1;0;NOVO
JA1359;VENDIDO;CASA;14;3;1;300,0;120,0;650000;5416,666666666667;0;1;0;1;NOVO
SB212;VENDIDO;CASA;1;2;1;240,0;100,0;530000;5300,0;0;1;0;0;NOVO
JA1317;VENDIDO;CASA;14;4;1;300,0;130,0;650000;5000,0;0;1;0;0;NOVO
JA1233;VENDIDO;CASA;17;3;1;480,0;130,0;650000;5000,0;0;1;0;0;NOVO
IN068;VENDIDO;CASA;59;3;1;600,0;170,0;730000;4294,117647058823;0;1;1;0;NOVO
JA1440;VENDIDO;CASA;4;3;1;480,0;120,0;650000;5416,666666666667;0;1;0;0;NOVO
JA1221;VENDIDO;CASA;14;3;1;300,0;120,0;650000;5416,666666666667;0;1;0;0;NOVO
ALPHA014;DISPONÍVEL;CASA;12;3;1;360,0;150,0;1050000;7000,0;1;1;1;0;NOVO
CAJ014;DISPONÍVEL;CASA;2;3;1;360,0;150,0;1100000;7333,333333333333;1;1;1;1;NOVO
TER047;VENDIDO;TERRENO UNIFAMILIAR;4;0;0;480,0;0,0;160000;0,0;0;0;0;0;NOVO
REC018;VENDIDO;DUPLEX;34;2;1;120,0;65,0;330000;5076,923076923077;1;1;1;0;CADASTRAR
CAJ012;VENDIDO;CASA;2;3;1;360,0;150,0;739000;4926,666666666667;0;1;1;1;USADO
JA1085;VENDIDO;CASA;4;3;1;480,0;120,0;650000;5416,666666666667;0;1;0;0;NOVO
JA1149;VENDIDO;DUPLEX;14;5;4;300,0;160,0;650000;4062,5;0;1;0;0;NOVO
TER036;DISPONÍVEL;TERRENO UNIFAMILIAR;27;0;0;6000,0;400,0;3000000;7500,0;0;1;0;0;USADO
JA1107;VENDIDO;CASA;4;3;1;480,0;120,0;650000;5416,666666666667;0;1;0;0;NOVO
CAJ024;DISPONÍVEL;CASA;2;3;1;360,0;160,0;1100000;6875,0;1;1;1;0;NOVO
JA1478;VENDIDO;CASA;4;3;1;240,0;100,0;650000;6500,0;0;1;0;1;NOVO
TER009;VENDIDO;TERRENO UNIFAMILIAR;42;0;0;250,0;0,0;120000;0,0;0;0;0;0;NOVO
JA1479;VENDIDO;CASA;1;3;1;480,0;100,0;560000;5600,0;0;1;0;0;NOVO
JA1525;DISPONÍVEL;CASA;4;3;1;240,0;120,0;570000;4750,0;0;1;0;1;NOVO
BAR056;VENDIDO;CASA;28;4;1;600,0;300,0;750000;2500,0;1;1;0;0;NOVO
SB170;VENDIDO;CASA;1;3;1;480,0;130,0;530000;4076,923076923077;0;1;0;0;USADO
CAJ023;DISPONÍVEL;CASA;60;3;1;450,0;110,0;550000;5000,0;0;1;0;0;NOVO
JA1567;DISPONÍVEL;CASA;4;2;1;240,0;100,0;570000;5700,0;0;1;0;1;NOVO
TER039;DISPONÍVEL;TERRENO UNIFAMILIAR;27;0;0;3150,0;100,0;800000;8000,0;1;1;0;0;NOVO
IN064;VENDIDO;CASA;10;3;1;140,0;360,0;760000;2111,1111111111113;0;1;1;1;NOVO
JA1383;DISPONÍVEL;CASA;4;2;1;480,0;99,0;580000;5858,585858585859;0;1;0;0;NOVO
JA1330;VENDIDO;CASA;4;3;1;480,0;155,0;655000;4225,806451612903;0;1;0;1;NOVO
JA1518;VENDIDO;CASA;17;3;1;240,0;100,0;660000;6600,0;1;1;0;1;NOVO
JA1242;VENDIDO;CASA;4;3;1;480,0;132,0;660000;5000,0;1;1;0;0;NOVO
TER018;VENDIDO;TERRENO UNIFAMILIAR;3;0;0;2400,0;0,0;790000;0,0;0;0;0;0;NOVO
JA1318;VENDIDO;DUPLEX;4;3;2;225,0;110,0;660000;6000,0;1;1;0;1;NOVO
JA1534;DISPONÍVEL;CASA;4;3;1;240,0;100,0;580000;5800,0;0;1;0;0;NOVO
TER043;VENDIDO;TERRENO UNIFAMILIAR;4;0;0;440,0;0,0;170000;0,0;0;0;0;0;NOVO
JA1134;VENDIDO;CASA;4;2;1;480,0;90,0;450000;5000,0;0;1;0;0;NOVO
JA1499;VENDIDO;CASA;14;3;1;300,0;120,0;665000;5541,666666666667;0;1;0;1;NOVO
TER040;DISPONÍVEL;TERRENO UNIFAMILIAR;61;0;0;6000,0;0,0;2500000;0,0;0;0;0;0;NOVO
SB193;VENDIDO;CASA;1;2;1;240,0;80,0;330000;4125,0;0;0;0;0;NOVO
CV040;VENDIDO;CASA;35;2;1;250,0;70,0;385000;5500,0;0;0;0;0;NOVO
JA1038;VENDIDO;CASA;4;3;1;480,0;136,0;670000;4926,470588235294;0;1;0;0;NOVO
JA1406;VENDIDO;CASA;4;3;1;130,0;480,0;670000;1395,8333333333333;0;1;0;0;NOVO
IN050;VENDIDO;CASA;3;3;1;360,0;161,0;849000;5273,291925465838;1;1;1;1;NOVO
IN042;VENDIDO;CASA;2;3;3;360,0;164,0;849000;5176,829268292683;1;1;1;1;NOVO
ALPHA009;VENDIDO;CASA;12;3;1;300,0;150,0;850000;5666,666666666667;1;1;1;1;NOVO
JA1034;VENDIDO;CASA;4;3;1;600,0;100,0;480000;4800,0;0;1;0;0;NOVO
JA1573;DISPONÍVEL;CASA;1;2;1;240,0;100,0;580000;5800,0;0;1;0;1;NOVO
JA1110;VENDIDO;CASA;4;3;1;480,0;150,0;680000;4533,333333333333;0;1;0;0;NOVO
JA1372;VENDIDO;CASA;4;3;1;480,0;150,0;680000;4533,333333333333;0;1;0;1;NOVO
JA1620;DISPONÍVEL;CASA;17;3;1;225,0;100,0;585000;5850,0;0;1;0;0;NOVO
JA1324;VENDIDO;CASA;4;3;1;480,0;120,0;545000;4541,666666666667;0;1;0;1;NOVO
IN078;VENDIDO;CASA;2;3;1;360,0;150,0;860000;5733,333333333333;1;1;1;1;NOVO
JA1232;VENDIDO;CASA;17;3;1;480,0;130,0;690000;5307,692307692308;0;1;0;0;NOVO
REC017;VENDIDO;CASA;34;2;1;960,0;90,0;355000;3944,4444444444443;0;1;0;0;USADO
JA1165;VENDIDO;DUPLEX;4;3;1;240,0;150,0;690000;4600,0;1;1;0;0;NOVO
TER054;DISPONÍVEL;TERRENO UNIFAMILIAR;4;0;0;480,0;40,0;190000;4750,0;0;0;0;0;USADO
JA963;VENDIDO;CASA;4;3;1;480,0;150,0;695000;4633,333333333333;1;1;0;0;NOVO
JA1150;VENDIDO;CASA;4;3;1;480,0;120,0;698000;5816,666666666667;0;1;0;1;NOVO
IN051;VENDIDO;CASA;62;3;3;360,0;190,0;899000;4731,578947368421;1;1;1;1;NOVO
IN048;VENDIDO;DUPLEX;10;4;1;360,0;246,0;900000;3658,5365853658536;1;1;1;0;USADO
FLA010;VENDIDO;CASA;63;3;1;380,0;191,0;900000;4712,041884816754;1;1;1;1;NOVO
JA1530;VENDIDO;CASA;4;3;1;300,0;100,0;585000;5850,0;0;1;0;0;NOVO
SOL002;VENDIDO;CASA;2;4;3;360,0;150,0;920000;6133,333333333333;1;1;1;1;NOVO
IV025;VENDIDO;CASA;11;3;1;360,0;100,0;550000;5500,0;0;1;1;0;NOVO
JA1145;VENDIDO;CASA;4;3;1;480,0;130,0;698000;5369,2307692307695;0;1;0;0;NOVO
JA1487;DISPONÍVEL;CASA;4;3;1;440,0;100,0;590000;5900,0;0;1;0;0;NOVO
JA1979;VENDIDO;CASA;17;3;3;219,99;87,9;590000;6712,172923777019;0;0;0;0;NOVO
JA1486;VENDIDO;DUPLEX;14;6;1;600,0;250,0;700000;2800,0;1;1;0;0;USADO
JA1353;VENDIDO;DUPLEX;4;3;1;480,0;120,0;700000;5833,333333333333;1;1;0;0;USADO
JA1369;VENDIDO;CASA;4;3;1;480,0;139,0;700000;5035,971223021583;1;1;0;1;NOVO
TER007;DISPONÍVEL;TERRENO UNIFAMILIAR;21;0;0;450,0;0,0;120000;0,0;0;0;0;0;NOVO
JA1246;DISPONÍVEL;CASA;1;3;1;440,0;100,0;595000;5950,0;0;1;0;0;NOVO
ALPHA019;DISPONÍVEL;CASA;12;3;1;360,0;130,0;1200000;9230,76923076923;1;1;1;1;NOVO
SJ114;DISPONÍVEL;CASA;29;3;1;150,0;360,0;595000;1652,7777777777778;0;1;1;0;NOVO
SJ113;DISPONÍVEL;CASA;29;3;1;360,0;150,0;595000;3966,6666666666665;0;1;1;1;NOVO
JA1572;DISPONÍVEL;CASA;1;2;1;240,0;120,0;595000;4958,333333333333;1;1;0;0;NOVO
IN036;VENDIDO;CASA;64;3;1;800,0;200,0;1200000;6000,0;0;1;1;0;NOVO
BAR071;DISPONÍVEL;CASA;28;3;1;240,0;123,0;595000;4837,3983739837395;0;1;0;0;NOVO
CAJ009;VENDIDO;CASA;2;3;1;360,0;200,0;1200000;6000,0;1;1;1;0;NOVO
JA1594;VENDIDO;CASA;4;3;1;480,0;120,0;705000;5875,0;0;1;0;0;NOVO
SB242;DISPONÍVEL;CASA;1;2;1;240,0;100,0;598000;5980,0;0;1;0;0;NOVO
JA1411;VENDIDO;CASA;17;3;1;438,3;109,0;709000;6504,587155963302;0;1;0;0;NOVO
SB243;VENDIDO;CASA;1;3;1;250,0;100,0;598000;5980,0;0;1;0;0;NOVO
JA1217;VENDIDO;DUPLEX;14;3;1;300,0;209,0;709000;3392,3444976076553;1;1;0;0;USADO
SOL006;VENDIDO;CASA;2;4;1;360,0;282,0;1400000;4964,5390070921985;0;1;1;0;NOVO
JA1600;DISPONÍVEL;CASA;4;3;1;240,0;120,0;599000;4991,666666666667;0;1;0;0;NOVO
JA1041;VENDIDO;CASA;17;3;1;480,0;100,0;570000;5700,0;0;1;0;0;NOVO
JA1253;VENDIDO;CASA;17;3;1;480,0;138,0;720000;5217,391304347826;0;1;0;1;NOVO
ALPHA004;VENDIDO;CASA;12;4;2;360,0;284,0;1700000;5985,915492957746;1;1;1;1;NOVO
ALPHA005;VENDIDO;CASA;12;3;1;360,0;302,0;1700000;5629,139072847682;1;1;1;1;NOVO
JA1041;VENDIDO;CASA;17;3;1;480,0;120,0;595000;4958,333333333333;0;1;0;0;NOVO
JA1407;VENDIDO;CASA;17;3;1;140,0;440,0;730000;1659,090909090909;0;1;0;1;NOVO
ITB010;DISPONÍVEL;TERRENO UNIFAMILIAR;19;0;0;10000,0;0,0;1000000;0,0;0;0;0;0;NOVO
FLA012;DISPONÍVEL;CASA;56;3;1;360,0;98,0;599000;6112,244897959184;0;0;0;1;NOVO
IN055;VENDIDO;CASA;65;4;1;480,0;283,0;2000000;7067,137809187279;1;1;1;1;USADO
CAJ016;DISPONÍVEL;CASA;2;3;2;220,0;100,0;600000;6000,0;0;1;1;0;NOVO
ALPHA012;VENDIDO;CASA;12;2;0;400,0;200,0;2150000;10750,0;1;1;1;0;NOVO
SOL005;VENDIDO;DUPLEX;9;5;1;450,0;400,0;2200000;5500,0;1;1;1;1;NOVO
CAJ020;DISPONÍVEL;CASA;2;3;1;360,0;150,0;1200000;8000,0;0;1;1;0;NOVO
BAR032;VENDIDO;DUPLEX;28;2;1;150,0;75,0;330000;4400,0;0;1;1;0;NOVO
JA1434;VENDIDO;CASA;4;3;1;480,0;150,0;730000;4866,666666666667;0;1;1;1;NOVO
SB231;VENDIDO;CASA;1;3;1;240,0;110,0;648000;5890,909090909091;0;1;0;1;NOVO
JA1106;VENDIDO;CASA;4;3;2;480,0;150,0;730000;4866,666666666667;0;1;0;1;NOVO
JA1329;VENDIDO;CASA;17;3;1;480,0;135,0;740000;5481,481481481482;0;1;0;1;NOVO
JA1598;DISPONÍVEL;CASA;17;3;1;480,0;100,0;600000;6000,0;0;0;0;0;NOVO
JA1619;DISPONÍVEL;CASA;14;2;1;300,0;125,0;600000;4800,0;0;1;0;0;USADO
JA1512;VENDIDO;CASA;16;3;1;360,0;110,0;620000;5636,363636363636;0;1;0;0;NOVO
JA1511;VENDIDO;CASA;14;3;1;480,0;110,0;630000;5727,272727272727;0;1;0;0;NOVO
IN080;DISPONÍVEL;CASA;27;3;1;450,0;100,0;600000;6000,0;1;1;0;0;NOVO
TER052;VENDIDO;TERRENO UNIFAMILIAR;4;0;0;440,0;0,0;200000;0,0;0;0;0;0;NOVO
TER048;DISPONÍVEL;TERRENO MULTIFAMILIAR;4;0;0;600,0;0,0;280000;0,0;0;0;0;0;NOVO
SOL010;DISPONÍVEL;CASA;2;3;1;360,0;150,0;1200000;8000,0;1;1;1;1;NOVO
JA1586;DISPONÍVEL;CASA;17;3;1;480,0;100,0;600000;6000,0;0;1;0;0;NOVO
JA1569;VENDIDO;CASA;17;2;0;280,0;90,0;550000;6111,111111111111;0;0;0;0;NOVO
JA1586;DISPONÍVEL;CASA;17;3;1;480,0;100,0;600000;6000,0;0;0;0;0;NOVO
JA1293;VENDIDO;CASA;4;3;1;480,0;120,0;750000;6250,0;0;1;0;1;NOVO
JA1452;VENDIDO;CASA;17;3;1;480,0;130,0;750000;5769,2307692307695;0;1;1;0;NOVO
BAR072;DISPONÍVEL;CASA;28;2;1;240,0;110,0;610000;5545,454545454545;0;1;0;0;NOVO
JA1490;VENDIDO;CASA;14;3;1;300,0;120,0;628000;5233,333333333333;0;0;0;1;NOVO
JA1403;DISPONÍVEL;CASA;17;3;1;480,0;100,0;650000;6500,0;0;1;0;0;NOVO
JA1523;DISPONÍVEL;CASA;4;3;1;240,0;120,0;650000;5416,666666666667;0;1;0;1;NOVO
JA1424;VENDIDO;CASA;14;3;1;300,0;130,0;760000;5846,153846153846;0;1;0;1;NOVO
JA1272;VENDIDO;CASA;4;2;1;120,0;70,0;300000;4285,714285714285;0;1;0;0;NOVO
REC003;VENDIDO;CASA;31;3;1;480,0;120,0;550000;4583,333333333333;1;1;0;0;USADO
SOL004;DISPONÍVEL;CASA;9;3;1;450,0;150,0;1200000;8000,0;0;1;1;1;NOVO
ALPHA024;DISPONÍVEL;CASA;12;3;1;360,0;171,0;1280000;7485,380116959064;1;1;1;0;NOVO
JA1420;VENDIDO;CASA;4;2;1;150,0;65,0;310000;4769,2307692307695;0;1;0;0;NOVO
IN088;VENDIDO;DUPLEX;11;2;0;120,0;70,0;365000;5214,285714285715;0;0;0;0;NOVO
BAR061;DISPONÍVEL;DUPLEX;28;3;1;360,0;250,0;500000;2000,0;1;1;0;0;USADO
ALPHA001;VENDIDO;CASA;12;3;1;360,0;160,0;890000;5562,5;1;1;1;1;NOVO
ALPHA002;VENDIDO;CASA;12;3;1;400,0;200,0;1200000;6000,0;1;1;1;1;NOVO
ALPHA003;VENDIDO;CASA;12;3;1;400,0;200,0;1250000;6250,0;1;1;1;1;NOVO
JA1387;VENDIDO;CASA;17;2;1;160,0;80,0;340000;4250,0;0;1;0;0;NOVO
RV013;VENDIDO;CASA;43;2;1;406,0;86,0;330000;3837,2093023255816;0;0;0;0;NOVO
SOL006;DISPONÍVEL;CASA;2;4;1;360,0;280,0;1300000;4642,857142857143;0;1;1;1;USADO
JA1590;VENDIDO;CASA;17;3;1;480,0;150,0;765000;5100,0;0;1;0;0;NOVO
FLA007;VENDIDO;CASA;66;3;1;500,0;120,0;480000;4000,0;1;1;1;0;NOVO
JA1528;DISPONÍVEL;CASA;14;3;1;300,0;120,0;650000;5416,666666666667;0;1;0;1;NOVO
JA1555;DISPONÍVEL;CASA;4;3;1;480,0;130,0;650000;5000,0;0;1;0;0;NOVO
JA1602;DISPONÍVEL;CASA;4;3;1;480,0;120,0;780000;6500,0;0;1;0;0;NOVO
JA1288;VENDIDO;CASA;17;3;1;480,0;150,0;790000;5266,666666666667;1;1;0;1;NOVO
ALPHA022;DISPONÍVEL;CASA;62;3;2;360,0;174,0;1300000;7471,264367816092;1;1;1;1;NOVO
IN065;VENDIDO;CASA;3;2;1;360,0;72,0;330000;4583,333333333333;0;0;1;0;USADO
JA1563;VENDIDO;CASA;17;3;1;480,0;128,0;795000;6210,9375;1;1;0;1;NOVO
ALPHA025;DISPONÍVEL;CASA;12;3;1;360,0;150,0;1400000;9333,333333333334;1;1;1;0;NOVO
JA1321;VENDIDO;CASA;4;2;1;225,0;80,0;440000;5500,0;0;1;0;0;NOVO
ALPHA26;DISPONÍVEL;CASA;67;3;1;360,0;186,0;1490000;8010,752688172043;1;1;1;0;NOVO
SB236;VENDIDO;CASA;1;2;1;240,0;100,0;450000;4500,0;0;1;0;0;NOVO
JA1506;VENDIDO;CASA;17;2;1;360,0;130,0;799000;6146,153846153846;0;1;0;1;NOVO
JA1607;DISPONÍVEL;CASA;4;3;1;480,0;120,0;650000;5416,666666666667;0;1;0;0;NOVO
JA1506;VENDIDO;CASA;17;2;1;400,0;100,0;799000;7990,0;0;1;0;1;NOVO
JA1605;DISPONÍVEL;CASA;4;3;1;480,0;120,0;800000;6666,666666666667;0;1;0;0;NOVO
JA1361;VENDIDO;CASA;14;4;1;480,0;260,0;830000;3192,3076923076924;1;1;0;0;NOVO
JA1335;VENDIDO;CASA;14;3;1;300,0;170,0;850000;5000,0;1;1;0;1;NOVO
JA1608;DISPONÍVEL;CASA;4;3;1;480,0;100,0;650000;6500,0;0;1;0;0;NOVO
JA1322;VENDIDO;CASA;4;2;1;225,0;80,0;440000;5500,0;0;0;0;0;NOVO
JA1611;DISPONÍVEL;CASA;4;3;1;480,0;100,0;650000;6500,0;0;1;0;0;NOVO
ALPHA020;DISPONÍVEL;CASA;12;4;1;360,0;180,0;1500000;8333,333333333334;1;1;1;1;USADO
JA1583;DISPONÍVEL;CASA;14;3;1;300,0;150,0;850000;5666,666666666667;1;1;0;0;USADO
JA1310;VENDIDO;CASA;4;2;1;225,0;70,0;450000;6428,571428571428;0;1;0;0;NOVO
JA1539;DISPONÍVEL;CASA;1;2;1;240,0;120,0;650000;5416,666666666667;1;1;0;0;USADO
JA1575;VENDIDO;CASA;4;3;1;480,0;150,0;850000;5666,666666666667;1;1;0;1;NOVO
TER046;DISPONÍVEL;TERRENO MULTIFAMILIAR;1;0;0;480,0;0,0;240000;0,0;0;0;0;0;NOVO
SB215;DISPONÍVEL;DUPLEX;1;2;2;120,0;80,0;430000;5375,0;0;1;0;0;USADO
JA1485;VENDIDO;DUPLEX;4;3;2;300,0;120,0;570000;4750,0;0;1;0;0;USADO
SB233;VENDIDO;CASA;1;3;1;240,0;95,0;650000;6842,105263157895;0;1;0;1;NOVO
JA1998;DISPONÍVEL;CASA;17;2;0;480,0;100,0;650000;6500,0;0;1;0;0;NOVO
JA1578;DISPONÍVEL;CASA;4;3;3;480,0;130,0;870000;6692,307692307692;0;1;0;0;NOVO
JA1621;DISPONÍVEL;CASA;17;3;1;480,0;120,0;878000;7316,666666666667;1;1;0;0;NOVO
JA1141;VENDIDO;DUPLEX;4;5;1;600,0;400,0;1000000;2500,0;1;1;0;0;USADO
SB225;VENDIDO;DUPLEX;1;2;2;120,0;85,0;390000;4588,235294117647;0;1;0;0;NOVO
SB225;VENDIDO;DUPLEX;1;2;2;120,0;85,0;410000;4823,529411764706;0;1;0;0;NOVO
ALPHA018;DISPONÍVEL;CASA;12;4;1;360,0;150,0;1650000;11000,0;1;1;1;1;NOVO
IN091;DISPONÍVEL;CASA;11;3;1;741,0;270,0;900000;3333,3333333333335;0;1;0;0;USADO
JA1466;VENDIDO;CASA;4;4;1;1000,0;400,0;1000000;2500,0;1;1;0;0;USADO
JA1133;VENDIDO;CASA;4;5;1;600,0;400,0;1000000;2500,0;1;1;0;0;USADO
JA1625;DISPONÍVEL;SITIO;16;6;1;1100,0;130,0;370000;2846,153846153846;0;1;0;0;USADO
SB225;VENDIDO;DUPLEX;1;2;2;120,0;85,0;410000;4823,529411764706;0;1;0;0;NOVO
ALPHA013;DISPONÍVEL;CASA;12;4;1;400,0;200,0;1700000;8500,0;1;1;1;1;NOVO
ALPHA021;DISPONÍVEL;DUPLEX;12;4;2;360,0;180,0;1900000;10555,555555555555;1;1;1;1;USADO
ALPHA023;DISPONÍVEL;CASA;62;3;1;360,0;170,0;1900000;11176,470588235294;1;1;1;1;USADO
BAR043;DISPONÍVEL;DUPLEX;28;2;2;120,0;80,0;470000;5875,0;0;1;0;0;NOVO
JA1610;DISPONÍVEL;CASA;17;3;1;240,0;100,0;660000;6600,0;0;1;0;0;NOVO
JA1985;DISPONÍVEL;CASA;10;3;1;110,0;360,0;660000;1833,3333333333333;0;1;1;0;NOVO
ALPHA017;DISPONÍVEL;CASA;62;4;2;360,0;180,0;1950000;10833,333333333334;1;1;1;0;NOVO
SOL003;DISPONÍVEL;CASA;2;6;5;400,0;500,0;3300000;6600,0;1;1;1;1;NOVO
JA1535;VENDIDO;CASA;17;3;1;240,0;100,0;662000;6620,0;1;1;0;0;NOVO
CAJ021;DISPONÍVEL;CASA;2;3;1;360,0;130,0;680000;5230,7692307692305;1;1;1;0;USADO
SOL013;DISPONÍVEL;CASA;2;3;1;360,0;150,0;680000;4533,333333333333;1;1;1;0;USADO
IN069;DISPONÍVEL;CASA;68;3;1;360,0;200,0;680000;3400,0;1;1;1;1;NOVO
JA1426;DISPONÍVEL;CASA;17;3;3;225,0;110,0;680000;6181,818181818182;0;1;0;0;NOVO
SJ127;DISPONÍVEL;CASA;29;3;1;360,0;150,0;680000;4533,333333333333;0;1;1;1;NOVO
SB228;DISPONÍVEL;CASA;1;3;1;225,0;100,0;685000;6850,0;1;1;0;1;NOVO
JA1484 ;DISPONÍVEL;CASA;4;3;1;480,0;140,0;685000;4892,857142857143;1;1;0;1;NOVO
IV043;DISPONÍVEL;CASA;69;3;1;600,0;138,0;690000;5000,0;0;1;1;0;NOVO
SOL014;DISPONÍVEL;CASA;2;4;0;442,0;332,0;1990000;5993,975903614458;1;1;1;0;NOVO
JA1538;DISPONÍVEL;CASA;17;3;1;480,0;187,0;699000;3737,9679144385027;1;1;0;0;USADO
JA1517;DISPONÍVEL;CASA;14;3;1;600,0;300,0;700000;2333,3333333333335;1;1;0;0;USADO
JA1544;VENDIDO;CASA;4;3;3;480,0;150,0;870000;5800,0;0;1;0;0;NOVO
PN012;VENDIDO;DUPLEX;32;3;1;240,0;100,0;430000;4300,0;0;1;0;0;NOVO
JA1982;VENDIDO;DUPLEX;17;2;2;110,0;84,5;429000;5076,923076923077;0;1;0;0;NOVO
IN096;DISPONÍVEL;DUPLEX;27;3;1;250,0;85,0;450000;5294,117647058823;0;0;0;0;NOVO
JA1609;DISPONÍVEL;CASA;4;3;1;110,0;480,0;700000;1458,3333333333333;0;1;0;0;NOVO
JA1983;VENDIDO;APTO;4;2;1;100,0;70,0;260000;3714,285714285714;0;0;1;0;USADO
JA1984;DISPONÍVEL;DUPLEX;70;2;2;70,0;126,0;495000;3928,5714285714284;1;1;0;0;NOVO
SB228;DISPONÍVEL;CASA;1;3;1;225,0;112,0;705000;6294,642857142857;1;1;0;1;NOVO
SJ126;DISPONÍVEL;CASA;29;3;1;133,0;360,0;710000;1972,2222222222222;1;1;1;0;NOVO
TER058;DISPONÍVEL;TERRENO UNIFAMILIAR;10;0;0;364,0;0,0;230000;0,0;0;0;1;0;-
JA1987;DISPONÍVEL;CASA;4;3;1;129,0;0,0;878000;0,0;1;1;0;0;NOVO
ALPHA028;DISPONÍVEL;CASA;10;3;3;382,0;192,0;1390000;7239,583333333333;1;1;1;0;NOVO
JA1443;DISPONÍVEL;CASA;4;3;1;480,0;135,0;715000;5296,2962962962965;0;1;0;0;NOVO
REC023;DISPONÍVEL;CASA;34;3;1;480,0;121,0;720000;5950,413223140496;0;1;0;0;NOVO
JA1990;DISPONÍVEL;CASA;4;3;1;231,0;480,0;980000;2041,6666666666667;1;1;0;0;NOVO
JA1986;DISPONÍVEL;CASA;4;3;1;360,0;147,0;720000;4897,959183673469;0;1;0;0;NOVO
REC024;DISPONÍVEL;CASA;34;3;1;123,34;240,0;720000;3000,0;0;1;0;0;USADO
JA1289;VENDIDO;CASA;17;3;1;240,0;100,0;480000;4800,0;0;1;0;1;NOVO
JA1991;DISPONÍVEL;CASA;17;2;0;280,0;90,0;765000;8500,0;0;0;0;0;NOVO
JA1432;DISPONÍVEL;CASA;4;3;1;480,0;120,0;730000;6083,333333333333;0;1;0;1;NOVO
JA1471;DISPONÍVEL;CASA;4;3;1;480,0;120,0;730000;6083,333333333333;0;1;0;0;NOVO
JA1993;DISPONÍVEL;CASA;4;3;1;280,0;90,0;878000;9755,555555555555;1;1;0;0;NOVO
JA1524;DISPONÍVEL;CASA;4;3;1;480,0;130,0;730000;5615,384615384615;0;1;0;1;NOVO
JA1441;DISPONÍVEL;CASA;4;3;1;480,0;130,0;745000;5730,7692307692305;0;1;0;1;NOVO
JA1505;DISPONÍVEL;CASA;17;3;1;480,0;105,0;745000;7095,238095238095;0;1;0;1;NOVO
SJ125;VENDIDO;DUPLEX;29;2;1;280,0;90,0;345000;3833,3333333333335;0;0;0;0;NOVO
ALPHA029;DISPONÍVEL;CASA;10;3;1;190,0;381,0;1450000;3805,774278215223;1;1;1;0;NOVO
ALPHA030;DISPONÍVEL;CASA;10;3;1;360,0;150,0;830000;5533,333333333333;0;1;1;0;NOVO
CAJ013;DISPONÍVEL;CASA;46;3;1;450,0;130,0;750000;5769,2307692307695;0;1;0;0;NOVO
JA1470;DISPONÍVEL;CASA;4;3;1;480,0;120,0;750000;6250,0;0;1;0;0;NOVO
CAJ025;DISPONÍVEL;CASA;2;3;1;360,0;180,0;990000;5500,0;1;1;1;0;USADO
JA1603;DISPONÍVEL;CASA;4;3;1;480,0;120,0;750000;6250,0;0;1;0;0;NOVO
JA1613;DISPONÍVEL;CASA;4;3;1;480,0;110,0;750000;6818,181818181818;0;1;0;0;NOVO
SB244;DISPONÍVEL;CASA;1;3;1;480,0;120,0;760000;6333,333333333333;0;1;0;0;NOVO
JA1623;DISPONÍVEL;CASA;14;3;1;300,0;120,0;750000;6250,0;1;1;0;0;NOVO
JA1574;DISPONÍVEL;CASA;4;3;1;480,0;120,0;750000;6250,0;0;1;0;1;NOVO
JA1584;DISPONÍVEL;CASA;14;3;1;240,0;130,0;750000;5769,2307692307695;0;1;0;0;NOVO
TER059;DISPONÍVEL;TERRENO MULTIFAMILIAR;17;0;0;480,0;0,0;310000;0,0;0;0;0;0;NOVO
JA1624;DISPONÍVEL;CASA;14;3;1;300,0;100,0;750000;7500,0;0;1;0;0;NOVO
JA1989;DISPONÍVEL;CASA;17;3;1;130,0;480,0;750000;1562,5;1;1;0;0;NOVO
JA1997;DISPONÍVEL;CASA;4;2;0;480,0;175,0;750000;4285,714285714285;1;1;0;0;NOVO
SJ128;DISPONÍVEL;DUPLEX;71;3;2;360,0;120,0;700000;5833,333333333333;1;1;1;0;USADO
CAX019;DISPONÍVEL;DUPLEX;15;2;1;240,0;100,0;550000;5500,0;0;1;1;0;NOVO
CAX020;DISPONÍVEL;CASA;15;3;1;240,0;100,0;575000;5750,0;0;1;1;0;NOVO
CAX021;DISPONÍVEL;CASA;15;3;1;240,0;100,0;560000;5600,0;0;1;1;0;NOVO
CAX022;DISPONÍVEL;DUPLEX;15;3;1;240,0;120,0;550000;4583,333333333333;0;1;1;1;USADO
CAX023;DISPONÍVEL;DUPLEX;15;3;1;240,0;120,0;875000;7291,666666666667;1;1;1;0;USADO
JA1999;DISPONÍVEL;DUPLEX;4;2;2;150,0;70,0;365000;5214,285714285715;0;0;0;0;NOVO
JA2000;DISPONÍVEL;CASA;4;2;1;180,0;65,0;350000;5384,615384615385;0;0;0;0;NOVO
JA2001;DISPONÍVEL;CASA;4;3;1;440,0;138,0;878000;6362,31884057971;1;1;0;0;NOVO
SB245;DISPONÍVEL;CASA;1;3;1;225,0;110,0;690000;6272,727272727273;1;1;0;0;NOVO
JA2005;VENDIDO;CASA;4;2;1;240,0;80,0;460000;5750,0;0;0;0;0;NOVO
JA2004;DISPONÍVEL;CASA;4;2;1;150,0;100,0;480000;4800,0;1;1;0;0;NOVO
SB223;VENDIDO;CASA;1;3;1;480,0;150,0;570000;3800,0;1;1;0;0;USADO
JA2006;VENDIDO;CASA;17;2;1;480,0;120,0;590000;4916,666666666667;0;1;0;0;NOVO
JA2003;DISPONÍVEL;CASA;17;3;1;240,0;100,0;678000;6780,0;1;1;0;0;NOVO
JA2002;VENDIDO;CASA;14;3;3;300,0;160,0;750000;4687,5;1;1;0;0;NOVO
SOL015;DISPONÍVEL;CASA;2;6;2;440,0;336,0;2300000;6845,238095238095;1;1;1;0;NOVO
JA1467;DISPONÍVEL;CASA;4;2;1;225,0;85,0;420000;4941,176470588235;0;1;0;0;NOVO
IN102;DISPONÍVEL;CASA;72;2;1;220,0;85,0;400000;4705,882352941177;0;0;0;0;NOVO
ARTB001;DISPONÍVEL;DUPLEX;73;4;1;220,0;150,0;710000;4733,333333333333;1;1;1;0;USADO
ARTB002;DISPONÍVEL;CASA;73;2;1;550,0;100,0;420000;4200,0;0;0;0;0;USADO
IN101;DISPONÍVEL;CASA;10;2;1;420,0;150,0;475000;3166,6666666666665;1;1;0;0;USADO
IN086;DISPONÍVEL;CASA;10;3;1;300,0;100,0;490000;4900,0;0;0;0;0;NOVO
TER060;DISPONÍVEL;TERRENO UNIFAMILIAR;4;0;0;480,0;0,0;250000;0,0;0;0;0;0;NOVO
PN018;DISPONÍVEL;CASA;74;3;1;500,0;150,0;740000;4933,333333333333;1;1;1;0;NOVO
SJ129;DISPONÍVEL;CASA;29;3;1;360,0;120,0;520000;4333,333333333333;0;1;0;0;NOVO
ALPHA029;DISPONÍVEL;CASA;12;3;1;360,0;150,0;1450000;9666,666666666666;1;1;1;0;NOVO
IN098;VENDIDO;CASA;10;2;0;100,0;65,0;220000;3384,6153846153848;0;1;1;0;USADO
IN099;DISPONÍVEL;APTO;10;2;0;100,0;65,0;264000;4061,5384615384614;0;0;1;0;NOVO
IN100;DISPONÍVEL;DUPLEX;10;2;0;100,0;70,0;295000;4214,285714285715;0;0;1;0;NOVO
IN103;DISPONÍVEL;DUPLEX;10;2;1;250,0;100,0;305000;3050,0;0;1;0;0;USADO
JA2008;DISPONÍVEL;APTO;4;2;0;100,0;65,0;230000;3538,4615384615386;0;0;1;0;USADO
SB246;DISPONÍVEL;CASA;1;3;1;240,0;100,0;680000;6800,0;0;1;0;0;NOVO
IN104;DISPONÍVEL;CASA;31;3;1;360,0;100,0;580000;5800,0;0;0;1;0;USADO
JA2010;DISPONÍVEL;CASA;17;3;3;600,0;150,0;720000;4800,0;1;1;0;0;USADO
JA2011;DISPONÍVEL;CASA;16;3;1;360,0;150,0;835000;5566,666666666667;1;1;0;0;NOVO
JA2012;DISPONÍVEL;CASA;4;2;1;240,0;90,0;470000;5222,222222222223;0;1;0;0;NOVO
JA2013;DISPONÍVEL;CASA;4;2;1;240,0;90,0;570000;6333,333333333333;0;1;0;0;NOVO
JA2014;DISPONÍVEL;CASA;4;2;1;225,0;80,0;560000;7000,0;0;1;0;0;NOVO
SB247;DISPONÍVEL;DUPLEX;1;2;1;200,0;80,0;380000;4750,0;0;0;1;0;USADO
JA2015;VENDIDO;CASA;17;3;1;440,0;120,0;999000;8325,0;0;0;0;0;NOVO
IN105;DISPONÍVEL;CASA;27;2;1;450,0;250,0;320000;1280,0;1;1;0;0;USADO
IN106;DISPONÍVEL;CASA;27;2;1;240,0;100,0;410000;4100,0;0;0;0;0;NOVO
BAR076;DISPONÍVEL;CASA;28;3;1;270,0;100,0;500000;5000,0;1;1;0;0;USADO
SB248;DISPONÍVEL;CASA;1;3;1;240,0;100,0;650000;6500,0;0;1;0;0;NOVO
SB250;DISPONÍVEL;CASA;1;3;1;240,0;100,0;630000;6300,0;0;1;0;0;NOVO
SB249;DISPONÍVEL;CASA;1;3;1;240,0;100,0;680000;6800,0;0;1;0;0;NOVO
JA2016;DISPONÍVEL;DUPLEX;14;2;2;120,0;88,0;395000;4488,636363636364;0;1;1;0;USADO
JA2017;DISPONÍVEL;CASA;4;2;1;240,0;80,0;460000;5750,0;0;0;0;0;NOVO
SB251;DISPONÍVEL;CASA;1;3;1;240,0;80,0;435000;5437,5;0;0;0;0;USADO
IN107;DISPONÍVEL;CASA;3;3;1;360,0;138,0;695000;5036,231884057971;0;1;1;0;NOVO
JA2118;DISPONÍVEL;APTO;14;2;2;600,0;75,0;399900;5332,0;0;1;1;1;NOVO
JA2118;DISPONÍVEL;APTO;14;2;1;600,0;70,0;389900;5570,0;0;1;1;1;NOVO
SB252;DISPONÍVEL;CASA;1;3;1;240,0;100,0;690000;6900,0;0;1;0;0;NOVO
CAJ026;DISPONÍVEL;CASA;60;2;1;240,0;90,0;429000;4766,666666666667;0;1;0;0;USADO
SB253;DISPONÍVEL;CASA;1;3;1;240,0;110,0;687000;6245,454545454545;0;1;0;1;NOVO
JA2119;DISPONÍVEL;CASA;17;3;1;240,0;120,0;550000;4583,333333333333;0;1;0;0;NOVO
JA2120;DISPONÍVEL;DUPLEX;4;2;2;300,0;100,0;450000;4500,0;0;0;0;0;USADO
JA2121;DISPONÍVEL;APTO;4;2;2;960,0;70,0;280000;4000,0;0;0;1;0;USADO
JA2122;DISPONÍVEL;APTO;17;2;0;440,0;70,0;250000;3571,4285714285716;0;0;1;0;USADO
JA2123;DISPONÍVEL;CASA;14;3;1;600,0;150,0;650000;4333,333333333333;1;1;0;0;USADO
IN108;DISPONÍVEL;APTO;10;2;1;500,0;80,0;320000;4000,0;0;0;1;0;USADO
IN109;DISPONÍVEL;CASA;75;2;1;180,0;70,0;300000;4285,714285714285;0;0;0;0;USADO
CAJ027;DISPONÍVEL;CASA;76;3;2;220,0;120,0;650000;5416,666666666667;0;1;1;0;NOVO
CAJ028;DISPONÍVEL;CASA;76;3;2;220,0;120,0;600000;5000,0;0;0;1;0;NOVO
CAJ029;DISPONÍVEL;CASA;76;3;2;220,0;120,0;600000;5000,0;0;0;1;0;NOVO
CAJ030;DISPONÍVEL;CASA;76;3;2;220,0;120,0;600000;5000,0;0;0;1;0;NOVO
CAJ031;DISPONÍVEL;CASA;76;3;2;220,0;120,0;600000;5000,0;0;0;1;0;NOVO
JA2124;DISPONÍVEL;CASA;4;3;1;440,0;140,0;795000;5678,571428571428;0;1;0;1;NOVO
ALPHA032;DISPONÍVEL;CASA;12;3;1;370,0;124,0;1750000;14112,90322580645;0;1;1;1;NOVO
